timestamp;accelX;accelY;accelZ;gyroX;gyroY;gyroZ;altitude;temperature;analogValue;state
10;-0.024;-0.067;1.011;-6.588;3.641;5.916;0;19;4.1999975;3
110;-0.022;-0.07;1.011;-6.542;3.656;5.901;0;19;4.1999725;3
210;-0.023;-0.073;1.012;-6.573;3.687;5.901;0;19;4.1999475;3
310;-0.02;-0.076;1.01;-6.622;3.65;5.952;0;19;4.1999225;3
410;0.004;-0.079;0.983;-6.602;3.451;6.208;0;19;4.1998975;3
510;0.039;-0.108;0.971;-6.62;3.347;6.519;0;19;4.1998725;3
610;0.042;-0.122;0.991;-6.617;3.497;6.56;0;19;4.1998475;3
710;0.015;-0.107;1.011;-6.591;3.656;6.3;0;19;4.1998225;3
810;-0.024;-0.071;1.012;-6.588;3.641;5.916;0;19;4.1997975;3
910;-0.018;-0.067;1.012;-6.588;3.611;5.916;0;19;4.1997725;3
1010;-0.025;-0.069;1.013;-6.588;3.641;5.886;0;19;4.1997475;3
1110;-0.023;-0.071;1.012;-6.603;3.641;5.916;0;19;4.1997225;3
1210;-0.02;-0.075;1.012;-6.542;3.641;5.871;0;19;4.1996975;3
1310;0.303;0.073;0.438;-6.66;20.653;6.901;0;19;4.1996725;3
1410;1.045;1.388;0.402;-58.3;112.528;46.77;0;19;4.1996475;3
1510;1.324;1.969;1.219;-69.713;144.387;56.476;0;19;4.1996225;3
1610;0.749;1.378;2.038;-47.426;98.092;34.353;0;19;4.1995975;3
1710;-0.017;0.45;2.602;-17.175;31.565;4.336;0;19;4.1995725;3
1810;-0.351;0.042;2.849;-4.229;2.675;-8.523;0;19;4.1995475;3
1910;-0.706;0.116;6.033;-3.414;2.298;-22.114;0;19;4.1995225;3
2010;-1.404;0.462;11.798;-5.489;1.291;-3.483;0.1936;18.9992256;4.1994975;3
2110;-1.546;0.423;13.258;-2.59;5.137;20.992;1.3552;18.9945792;4.1994725;3
2210;-1.107;0.289;9.126;0.736;7.929;49.755;3.87112;18.98451552;4.1994475;3
2310;-0.898;0.194;7.873;-4.945;2.469;56.125;7.54952;18.96980192;4.1994225;3
2410;-0.666;0.22;6.863;-21.58;-0.271;69.755;12.05072;18.95179712;4.1993975;3
2510;-0.531;0.188;5.657;-24.101;0.883;82.525;17.43192;18.93027232;4.1993725;3
2610;-0.549;0.103;4.876;-19.365;4.118;98.124;23.57696;18.90569216;4.1993475;3
2710;-0.642;0.021;4.996;-16.573;8.088;121.819;30.6064;18.8775744;4.1993225;3
2810;-0.783;0.025;6.143;-23.623;12.072;156.387;38.38824;18.84644704;4.1992975;3
2910;-0.743;-0.052;5.74;-27.95;13.254;175.991;46.98496;18.81206016;4.1992725;3
3010;-0.705;-0.121;5.478;-28.011;11.545;189.586;56.2892;18.7748432;4.1992475;3
3110;-0.657;-0.101;5.398;-26.516;16.108;204.693;66.30888;18.73476448;4.1992225;3
3210;-0.59;-0.194;5.446;-32.894;18.259;226.65;77.08008;18.69167968;4.1991975;3
3310;-0.617;-0.229;5.459;-31.886;15.037;234.009;88.55528;18.64577888;4.1991725;3
3410;0.381;0.889;5.439;-33.219;19.403;266.235;100.6764;18.5972944;4.1991475;3
3510;0.536;0.408;5.626;-32.108;27.789;287.029;113.43464;18.54626144;4.1991225;3
3610;-0.039;-0.99;5.786;-31.179;33.39;295.039;126.89424;18.49242304;4.1990975;3
3710;-0.595;-1.71;5.718;-33.398;32.593;299.355;140.74808;18.43700768;4.1990725;3
3810;-0.395;-0.178;5.224;-41.87;21.899;309.196;155.27864;18.37888544;4.1990475;3
3910;-0.456;-0.402;5.109;-45.62;24.912;328.899;170.31344;18.31874624;4.1990225;3
4010;-0.365;-0.525;4.773;-46.169;24.088;333.843;185.62368;18.25750528;4.1989975;3
4110;-15.936;1.397;-15.967;-4.818;-496.405;-493.58;201.01488;18.19594048;4.1989725;3
4210;6.81;-12.479;-15.967;-506.802;503.58;-493.58;215.75312;18.13698752;4.1989475;3
4310;-9.551;13.539;-11.541;-123.013;172.257;-166.588;229.97216;18.08011136;4.1989225;3
4410;-0.307;-10.335;24.198;-327.145;-22.336;1766.05;243.71952;18.02512192;4.1988975;3
4510;4.601;-19.55;32.925;-175.739;65.787;2472.252;257.09904;17.97160384;4.1988725;3
4610;5.57;-16.113;22.16;-82.261;42.916;1901.244;269.98224;17.92007104;4.1988475;3
4710;4.43;-7.246;6.498;-12.736;-18.153;744.993;282.48088;17.87007648;4.1988225;3
4810;3.006;-0.251;0.405;63.633;-25.885;-287.373;294.56064;17.82175744;4.1987975;3
4910;2.529;0.189;-0.552;-9.716;-135.9;271.068;306.25936;17.77496256;4.1987725;3
5010;2.05;-0.643;-0.21;69.035;80.729;-239.842;317.60168;17.72959328;4.1987475;3
5110;0.031;0.551;0.563;-1.858;128.87;-82.295;328.62016;17.68551936;4.1987225;3
5210;0.921;0.715;-0.541;136.982;-54.571;187.999;339.3192;17.6427232;4.1986975;3
5310;0.658;-0.314;-0.383;-1.263;-46.196;230.616;349.71464;17.60114144;4.1986725;3
5410;0.726;-0.838;-0.711;221.992;109.479;80.025;359.81968;17.56072128;4.1986475;3
5510;0.629;-0.822;-0.327;245.054;66.67;63.248;369.644;17.521424;4.1986225;3
5610;0.544;-0.577;-0.281;139.594;-38.299;152.026;379.2008;17.4831968;4.1985975;3
5710;0.614;-0.258;-0.229;-1.058;-88.125;279.415;388.50152;17.44599392;4.1985725;3
5810;0.984;-0.001;0.147;-83.393;26.505;374.919;397.53648;17.40985408;4.1985475;3
5910;0.435;-0.29;-0.073;-91.091;-22.146;94.341;406.28104;17.37487584;4.1985225;3
6010;0.188;-0.18;-0.016;1.988;0.925;-15.263;414.86632;17.34053472;4.1984975;3
6110;0.305;-0.233;-0.002;33.405;-46.087;-142.048;423.22808;17.30708768;4.1984725;3
6210;0.273;-0.164;-0.127;65.342;9.104;-87.254;431.36808;17.27452768;4.1984475;3
6310;0.223;-0.135;-0.082;-2.181;38.479;-78.735;439.29776;17.24280896;4.1984225;3
6410;0.157;-0.11;-0.075;-52.932;-19.133;-71.155;447.05584;17.21177664;4.1983975;3
6510;0.082;-0.094;-0.008;-45.932;-34.161;-63.392;454.58776;17.18164896;4.1983725;3
6610;0.053;-0.095;0.038;-13.142;-17.736;-62.148;461.9296;17.1522816;4.1983475;3
6710;0.069;-0.109;0.049;17.245;10.976;-70.729;469.08664;17.12365344;4.1983225;3
6810;0.128;-0.129;0.011;17.037;32.809;-92.437;476.06592;17.09573632;4.1982975;3
6910;0.135;-0.156;-0.033;-8.48;40.537;-99.69;482.86656;17.06853376;4.1982725;3
7010;0.124;-0.159;-0.028;-20.168;38.736;-75.55;489.5044;17.0419824;4.1982475;3
7110;0.112;-0.148;0.012;-15.118;29.78;-57.301;495.96536;17.01613856;4.1982225;3
7210;0.101;-0.168;0.077;15.461;23.829;-46.65;502.26528;16.99093888;4.1981975;3
7310;0.105;-0.128;0.024;36.044;11.477;-48.818;508.40504;16.96637984;4.1981725;3
7410;0.09;-0.098;0.05;48.217;-2.169;-36.252;514.39168;16.94243328;4.1981475;3
7510;0.001;-0.039;0.016;51.035;-12.39;-13.899;520.2252;16.9190992;4.1981225;3
7610;-0.069;0.034;-0.044;45.078;-19.758;25.84;525.90912;16.89636352;4.1980975;3
7710;0.021;0.068;-0.112;25.408;-24.339;82.71;531.43112;16.87427552;4.1980725;3
7810;0.409;0.013;-0.171;-12.909;-26.21;156.351;536.85456;16.85258176;4.1980475;3
7910;0.606;-0.076;-0.352;-55.37;-13.525;108.974;542.11256;16.83154976;4.1980225;3
8010;0.847;-0.327;-1.519;7.771;-9.863;131.664;547.23504;16.81105984;4.1979975;3
8110;2.2;-0.742;-5.881;-124.844;61.686;-250.981;552.21672;16.79113312;4.1979725;3
8210;1.668;-0.989;-4.337;211.414;340.616;-105.564;557.07608;16.77169568;4.1979475;3
8310;1.414;-0.365;-2.497;77.031;-258.824;6.244;561.80784;16.75276864;4.1979225;3
8410;0.301;-0.185;0.506;-14.511;142.061;-319.838;566.41024;16.73435904;4.1978975;3
8510;0.305;-0.21;0.847;-16.484;318.526;-399.052;563.5570047;16.74577198;4.1978725;4
8610;0.326;-0.177;0.103;57.67;291.335;-274.125;561.3546518;16.75458139;4.1978475;4
8710;0.478;-0.199;-0.898;103.501;159.827;-144.935;557.8725047;16.76850998;4.1978225;4
8810;0.84;-0.379;-1.307;21.458;21.113;-204.136;553.1205929;16.78751763;4.1977975;4
8910;0.632;-0.318;-1.09;59.879;-48.315;-153.096;548.9578871;16.80416845;4.1977725;4
9010;0.551;-0.293;-0.902;54.386;-24.13;-93.861;547.0871518;16.81165139;4.1977475;4
9110;0.497;-0.277;-1.058;26.63;-71.142;-63.649;543.9059459;16.82437622;4.1977225;4
9210;0.519;-0.235;-0.958;21.336;8.219;-96.104;541.9486224;16.83220551;4.1976975;4
9310;0.465;-0.197;-0.79;54.708;-14.406;-104.967;540.0467106;16.83981316;4.1976725;4
9410;0.529;-0.271;-0.823;60.931;-31.545;-148.636;536.5393576;16.85384257;4.1976475;4
9510;0.519;-0.296;-0.847;58.21;-27.661;-134.977;533.4679459;16.86612822;4.1976225;4
9610;0.486;-0.292;-0.866;47.271;-10.562;-101.948;531.5491518;16.87380339;4.1975975;4
9710;0.451;-0.278;-0.879;34.98;8.897;-70.482;530.7666518;16.87693339;4.1975725;4
9810;0.434;-0.276;-0.887;28.201;19.859;-61.501;530.3713282;16.87851469;4.1975475;4
9910;0.464;-0.268;-0.908;22.739;-31.378;-56.431;528.4575047;16.88616998;4.1975225;4
10010;0.518;-0.292;-0.978;22.755;-21.398;-121.937;524.9110341;16.90035586;4.1974975;4
10110;0.694;-0.311;-1.049;33.665;-43.798;-150.944;520.1734753;16.9193061;4.1974725;4
10210;0.606;-0.267;-0.984;64.411;-39.816;-152.577;516.4092988;16.9343628;4.1974475;4
10310;0.602;-0.287;-1.017;66.15;8.19;-140.202;514.4721812;16.94211128;4.1974225;4
10410;0.642;-0.288;-1.189;59.073;-10.286;-127.999;512.1424165;16.95143033;4.1973975;4
10510;0.593;-0.277;-1.233;57.13;-24.287;-108.2;509.9260341;16.96029586;4.1973725;4
10610;0.505;-0.258;-1.178;57.766;-30.126;-84.946;508.2405635;16.96703775;4.1973475;4
10710;0.457;-0.249;-1.083;54.073;-24.497;-71.771;506.9995341;16.97200186;4.1973225;4
10810;0.527;-0.266;-1.007;39.144;-4.098;-82.21;505.6123576;16.97755057;4.1972975;4
10910;0.543;-0.25;-0.988;33.436;-15.097;-96.424;503.31574;16.98673704;4.1972725;4
11010;0.522;-0.246;-0.877;49.412;-12.564;-127.446;500.6510929;16.99739563;4.1972475;4
11110;0.56;-0.272;-0.893;56.294;-34.429;-139.149;497.2015635;17.01119375;4.1972225;4
11210;0.535;-0.295;-0.763;43.11;-29.974;-162.22;492.81674;17.02873304;4.1971975;4
11310;0.511;-0.297;-0.84;51.385;-12.142;-116.342;490.5491224;17.03780351;4.1971725;4
11410;0.389;-0.243;-0.746;63.514;-35.111;-24.998;490.4489753;17.0382041;4.1971475;4
11510;0.438;-0.256;-0.792;47.635;-7.971;-47.953;490.2051812;17.03917928;4.1971225;4
11610;0.526;-0.249;-0.903;27.262;-43.088;-86.891;487.1840929;17.05126363;4.1970975;4
11710;0.55;-0.259;-0.962;39.149;-12.711;-102.854;484.9365635;17.06025375;4.1970725;4
11810;0.504;-0.253;-0.93;37.629;-49.722;-92.273;481.8669753;17.0725321;4.1970475;4
11910;0.487;-0.272;-0.914;45.948;-15.493;-95.265;479.9607988;17.0801568;4.1970225;4
12010;0.54;-0.285;-0.961;41.096;28.513;-123.783;478.3674459;17.08653022;4.1969975;4
12110;0.538;-0.272;-0.873;46.436;-10.183;-109.639;476.2090341;17.09516386;4.1969725;4
12210;0.492;-0.25;-0.773;51.533;-14.074;-114.247;473.9505635;17.10419775;4.1969475;4
12310;0.521;-0.259;-0.848;27.969;-21.396;-104.868;471.0595341;17.11576186;4.1969225;4
12410;0.472;-0.249;-0.952;38.448;-23.759;-48.493;470.0652988;17.1197388;4.1968975;4
12510;0.419;-0.243;-0.872;32.929;-2.687;-43.901;469.6635635;17.12134575;4.1968725;4
12610;0.417;-0.239;-0.805;32.841;1.836;-64.722;468.7798871;17.12488045;4.1968475;4
12710;0.467;-0.288;-0.889;29.661;-13.969;-102.059;466.2396812;17.13504128;4.1968225;4
12810;0.544;-0.308;-0.919;30.353;-9.697;-121.694;463.2679753;17.1469281;4.1967975;4
12910;0.56;-0.281;-0.896;25.82;-7.84;-112.232;460.4958576;17.15801657;4.1967725;4
13010;0.52;-0.259;-0.958;30.78;-25.036;-73.755;458.4955341;17.16601786;4.1967475;4
13110;0.519;-0.24;-1.04;37.481;-11.269;-43.65;457.9826518;17.16806939;4.1967225;4
13210;0.521;-0.24;-1.073;24.539;-5.151;-45.083;457.2269165;17.17109233;4.1966975;4
13310;0.466;-0.241;-1.065;19.941;-20.199;-43.708;455.9337988;17.1762648;4.1966725;4
13410;0.449;-0.265;-1.07;22.796;5.72;-53.326;455.2040929;17.17918363;4.1966475;4
13510;0.483;-0.304;-1.083;15.34;25.111;-77.994;454.0998871;17.18360045;4.1966225;4
13610;0.497;-0.333;-1.034;21.401;-6.211;-62.709;452.7022694;17.18919092;4.1965975;4
13710;0.55;-0.355;-1.064;20.22;-6.612;-47.526;451.7046812;17.19318128;4.1965725;4
13810;0.552;-0.336;-1.071;-9.502;-4.356;-47.018;449.9142106;17.20034316;4.1965475;4
13910;0.539;-0.301;-1.055;-10.214;-22.491;-17.611;448.4343282;17.20626269;4.1965225;4
14010;0.518;-0.273;-1.034;13.928;-7.643;-11.408;448.2836518;17.20686539;4.1964975;4
14110;0.54;-0.263;-1.055;17.066;-1.985;-43.346;447.4523282;17.21019069;4.1964725;4
14210;0.562;-0.272;-1.075;16.577;-15.618;-55.549;445.84674;17.21661304;4.1964475;4
14310;0.49;-0.268;-0.998;17.351;-13.287;-31.85;445.0295047;17.21988198;4.1964225;4
14410;0.467;-0.259;-0.981;5.51;11.144;-6.655;444.7354165;17.22105833;4.1963975;4
14510;0.493;-0.25;-1.012;-6.074;20.647;2.789;444.2247694;17.22310092;4.1963725;4
14610;0.51;-0.243;-1.055;-4.71;-0.419;7.021;444.1691224;17.22332351;4.1963475;4
14710;0.472;-0.239;-1.004;-0.158;-3.597;2.541;444.1334165;17.22346633;4.1963225;4
14810;0.47;-0.25;-1.017;-0.375;20.35;-3.342;443.6442106;17.22542316;4.1962975;4
14910;0.468;-0.254;-0.988;-7.98;23.423;1.014;443.1601812;17.22735928;4.1962725;4
15010;0.445;-0.25;-0.927;-16.615;4.862;20.857;442.8924165;17.22843033;4.1962475;4
15110;0.454;-0.244;-0.933;-22.26;6.586;41.917;442.1205635;17.23151775;4.1962225;4
15210;0.444;-0.23;-0.866;-20.252;25.568;50.977;440.4648871;17.23814045;4.1961975;4
15310;0.443;-0.222;-0.827;-13.556;22.129;49.851;438.7465341;17.24501386;4.1961725;4
15410;0.435;-0.233;-0.829;-19.587;2.278;36.822;438.1726224;17.24730951;4.1961475;4
15510;0.427;-0.249;-0.827;-30.332;6.93;25.269;438.1177106;17.24752916;4.1961225;4
15610;0.449;-0.261;-0.857;-25.494;18.351;44.822;437.0095047;17.25196198;4.1960975;4
15710;0.474;-0.267;-0.876;-20.307;13.122;68.957;435.1926812;17.25922928;4.1960725;4
15810;0.452;-0.262;-0.867;-28.291;9.773;60.065;433.9707106;17.26411716;4.1960475;4
15910;0.45;-0.261;-0.888;-30.301;22.363;36.182;433.1400047;17.26743998;4.1960225;4
16010;0.452;-0.267;-0.897;-16.269;24.582;26.828;432.1064459;17.27157422;4.1959975;4
16110;0.445;-0.278;-0.884;-13.594;7.717;24.289;431.5649165;17.27374033;4.1959725;4
16210;0.421;-0.281;-0.854;-22.096;8.763;25.806;431.1980635;17.27520775;4.1959475;4
16310;0.414;-0.277;-0.846;-23.131;28.198;29.879;430.17024;17.27931904;4.1959225;4
16410;0.435;-0.271;-0.862;-16.264;26.079;31.581;428.9527106;17.28418916;4.1958975;4
16510;0.41;-0.268;-0.812;-9.828;4.107;30.021;428.2380047;17.28704798;4.1958725;4
16610;0.388;-0.264;-0.768;-14.852;6.95;12.92;428.0904165;17.28763833;4.1958475;4
16710;0.407;-0.277;-0.834;-17.02;20.849;5.297;427.8220047;17.28871198;4.1958225;4
16810;0.44;-0.28;-0.84;-12.09;16.899;11.207;427.3509459;17.29059622;4.1957975;4
16910;0.44;-0.272;-0.839;-10.228;3.204;15.458;427.1028871;17.29158845;4.1957725;4
17010;0.46;-0.289;-0.921;-16.977;-1.374;12.056;426.91774;17.29232904;4.1957475;4
17110;0.473;-0.295;-0.958;-22.605;11.925;0.089;426.60624;17.29357504;4.1957225;4
17210;0.513;-0.3;-1.034;-16.34;9.911;0.246;426.4243871;17.29430245;4.1956975;4
17310;0.535;-0.305;-1.08;-10.95;-4.579;3.786;426.0790047;17.29568398;4.1956725;4
17410;0.523;-0.301;-1.064;-17.691;-5.567;-2.716;425.3150635;17.29873975;4.1956475;4
17510;0.562;-0.307;-1.117;-22.734;-1.898;-5.321;424.4340929;17.30226363;4.1956225;4
17610;0.614;-0.323;-1.257;-13.271;-9.5;14.018;424.1766518;17.30329339;4.1955975;4
17710;0.59;-0.311;-1.213;-14.448;-8.546;15.081;423.9439165;17.30422433;4.1955725;4
17810;0.579;-0.296;-1.17;-25.014;-2.544;-2.25;423.0672106;17.30773116;4.1955475;4
17910;0.569;-0.284;-1.142;-17.263;-5.265;7.142;422.6146812;17.30954128;4.1955225;4
18010;0.538;-0.264;-1.04;-4.829;-8.224;28.498;422.1604165;17.31135833;4.1954975;4
18110;0.539;-0.267;-1.048;-11.318;-11.604;31.518;421.9075929;17.31236963;4.1954725;4
18210;0.505;-0.257;-0.975;-22.82;1.044;14.89;421.7050635;17.31317975;4.1954475;4
18310;0.525;-0.262;-1.011;-16.827;-4.759;20.956;421.6865341;17.31325386;4.1954225;4
18410;0.565;-0.284;-1.132;-7.425;-13.779;38.73;421.1710635;17.31531575;4.1953975;4
18510;0.543;-0.278;-1.083;-10.722;0.567;35.344;420.4302106;17.31827916;4.1953725;4
18610;0.525;-0.268;-1.041;-16.473;3.514;24.245;420.0982694;17.31960692;4.1953475;4
18710;0.52;-0.271;-1.026;-10.584;-3.436;25.097;419.7724753;17.3209101;4.1953225;4
18810;0.501;-0.27;-0.984;-3.974;-10.588;37.067;419.1105635;17.32355775;4.1952975;4
18910;0.501;-0.271;-0.998;-10.531;-4.992;37.268;418.4710047;17.32611598;4.1952725;4
19010;0.512;-0.278;-1.036;-16.322;-0.722;32.224;418.0245341;17.32790186;4.1952475;4
19110;0.522;-0.281;-1.066;-9.949;-3.7;33.477;417.4413576;17.33023457;4.1952225;4
19210;0.489;-0.273;-0.991;-6.213;-11.2;33.357;416.9724165;17.33211033;4.1951975;4
19310;0.436;-0.262;-0.901;-11.197;-7.777;24.923;416.7974459;17.33281022;4.1951725;4
19410;0.419;-0.249;-0.855;-12.922;1.49;17.918;416.6066812;17.33357328;4.1951475;4
19510;0.419;-0.246;-0.856;-9.156;-3.208;19.155;416.4069459;17.33437222;4.1951225;4
19610;0.4;-0.244;-0.83;-6.507;-8.533;20.978;416.2322988;17.3350708;4.1950975;4
19710;0.4;-0.247;-0.846;-2.781;6.194;17.106;415.6287988;17.3374848;4.1950725;4
19810;0.391;-0.237;-0.816;-0.637;8.997;14.182;414.9657988;17.3401368;4.1950475;4
19910;0.357;-0.22;-0.726;1.615;5.565;12.423;414.38924;17.34244304;4.1950225;4
20010;0.321;-0.219;-0.664;-1.459;10.006;-0.936;414.1653871;17.34333845;4.1949975;4
20110;0.418;-0.267;-0.941;-1.161;10.07;-6.043;414.0810929;17.34367563;4.1949725;4
20210;0.517;-0.307;-1.196;7.571;17.028;-2.294;413.4250635;17.34629975;4.1949475;4
20310;0.481;-0.297;-1.101;14.911;12.468;8.218;412.3780929;17.35048763;4.1949225;4
20410;0.447;-0.299;-1.023;3.589;11.229;-2.629;412.0195929;17.35192163;4.1948975;4
20510;0.436;-0.295;-0.958;-12.623;18.214;-25.901;411.42224;17.35431104;4.1948725;4
20610;0.407;-0.281;-0.863;2.519;14.566;-10.34;411.2238576;17.35510457;4.1948475;4
20710;0.42;-0.279;-0.823;5.396;12.666;-18.983;411.1967694;17.35521292;4.1948225;4
20810;0.468;-0.284;-0.882;-7.744;-0.781;-35.837;409.8920047;17.36043198;4.1947975;4
20910;0.471;-0.288;-0.919;-6.676;-0.873;-21.636;409.0336224;17.36386551;4.1947725;4
21010;0.464;-0.27;-0.868;-9.967;0.208;-6.98;408.5412988;17.3658348;4.1947475;4
21110;0.477;-0.262;-0.9;-12.258;0.851;-4.219;408.0817106;17.36767316;4.1947225;4
21210;0.493;-0.254;-0.952;-5.961;-9.606;6.534;407.8160341;17.36873586;4.1946975;4
21310;0.478;-0.248;-0.921;-10.757;-13.305;1.779;407.1606518;17.37135739;4.1946725;4
21410;0.486;-0.252;-0.956;-10.055;0.748;2.7;406.9663282;17.37213469;4.1946475;4
21510;0.509;-0.257;-1.009;-4.096;0.499;19.151;406.5088576;17.37396457;4.1946225;4
21610;0.507;-0.253;-0.993;-10.484;-4.697;23.502;406.2641224;17.37494351;4.1945975;4
21710;0.502;-0.247;-0.963;-12.478;-3.91;37.095;405.6550929;17.37737963;4.1945725;4
21810;0.522;-0.257;-0.992;-16.33;0.969;37.522;405.0032988;17.3799868;4.1945475;4
21910;0.54;-0.264;-1.047;-17.451;-5.202;38.183;404.5465341;17.38181386;4.1945225;4
22010;0.546;-0.272;-1.075;-13.917;-9.342;48.465;403.8051812;17.38477928;4.1944975;4
22110;0.546;-0.284;-1.072;-18.382;1.62;39.518;403.1358871;17.38745645;4.1944725;4
22210;0.528;-0.283;-1.058;-19.793;1.735;35.627;402.6191518;17.38952339;4.1944475;4
22310;0.527;-0.291;-1.077;-19.971;-8.19;38.727;402.3083871;17.39076645;4.1944225;4
22410;0.511;-0.292;-1.04;-20.912;-3.053;36.538;401.9385929;17.39224563;4.1943975;4
22510;0.48;-0.275;-0.98;-17.851;4.888;36.952;401.2330341;17.39506786;4.1943725;4
22610;0.472;-0.271;-0.95;-15.796;-2.928;37.509;400.6805341;17.39727786;4.1943475;4
22710;0.474;-0.279;-0.971;-18.264;-6.117;30.579;400.49824;17.39800704;4.1943225;4
22810;0.471;-0.282;-0.998;-17.238;-0.464;31.565;400.0905047;17.39963798;4.1942975;4
22910;0.455;-0.274;-0.957;-12.414;-0.051;42.072;399.2197106;17.40312116;4.1942725;4
23010;0.423;-0.253;-0.879;-15.5;-1.238;37.67;398.6040635;17.40558375;4.1942475;4
23110;0.401;-0.238;-0.817;-16.667;4.324;22.677;398.3001224;17.40679951;4.1942225;4
23210;0.392;-0.24;-0.808;-10.762;3.956;15.332;398.0493576;17.40780257;4.1941975;4
23310;0.394;-0.245;-0.826;-6.6;-3.72;17.465;397.8392106;17.40864316;4.1941725;4
23410;0.401;-0.244;-0.831;-5.122;-1.282;23.746;397.3291518;17.41068339;4.1941475;4
23510;0.386;-0.234;-0.796;-9.989;0.751;26.849;396.8111812;17.41275528;4.1941225;4
23610;0.385;-0.228;-0.803;-10.334;5.728;23.616;396.2520635;17.41499175;4.1940975;4
23710;0.417;-0.237;-0.88;-0.868;4.747;21.247;395.5130635;17.41794775;4.1940725;4
23810;0.433;-0.243;-0.933;-0.271;-5.668;13.039;395.30424;17.41878304;4.1940475;4
23910;0.423;-0.242;-0.934;-1.96;-0.224;9.014;395.1033576;17.41958657;4.1940225;4
24010;0.433;-0.249;-0.96;-2.335;5.925;13.897;394.5890341;17.42164386;4.1939975;4
24110;0.437;-0.251;-0.962;-0.341;5.82;15.896;393.9603576;17.42415857;4.1939725;4
24210;0.432;-0.247;-0.959;4.991;0.926;17.428;393.27374;17.42690504;4.1939475;4
24310;0.424;-0.25;-0.935;0.461;-0.339;6.185;393.08824;17.42764704;4.1939225;4
24410;0.419;-0.25;-0.935;-4.714;9.818;-9.783;392.9506224;17.42819751;4.1938975;4
24510;0.426;-0.256;-0.948;1.831;8.162;-6.057;392.8348576;17.42866057;4.1938725;4
24610;0.401;-0.255;-0.882;8.838;-0.126;1.587;392.5319459;17.42987222;4.1938475;4
24710;0.394;-0.265;-0.896;5.043;5.772;-5.743;392.3827694;17.43046892;4.1938225;4
24810;0.407;-0.285;-0.916;-6.43;5.981;-18.444;391.8270929;17.43269163;4.1937975;4
24910;0.403;-0.288;-0.869;-3.291;4.979;-21.355;391.2486518;17.43500539;4.1937725;4
25010;0.394;-0.288;-0.808;7.035;6.506;-24.582;390.9239165;17.43630433;4.1937475;4
25110;0.426;-0.292;-0.828;5.04;-0.685;-37.343;389.9536812;17.44018528;4.1937225;4
25210;0.479;-0.297;-0.921;-0.196;-15.387;-33.354;388.5143576;17.44594257;4.1936975;4
25310;0.475;-0.291;-0.934;-2.231;-12.22;-19.063;387.5286518;17.44988539;4.1936725;4
25410;0.45;-0.263;-0.872;-3.149;-4.52;-13.479;386.9066518;17.45237339;4.1936475;4
25510;0.482;-0.263;-0.923;2.225;-0.282;-22.561;386.30024;17.45479904;4.1936225;4
25610;0.526;-0.276;-1.041;12.108;-9.412;-28.433;385.5432694;17.45782692;4.1935975;4
25710;0.516;-0.272;-1.048;14;-11.674;-24.738;384.8840929;17.46046363;4.1935725;4
25810;0.483;-0.266;-0.963;3.483;6.845;-23.95;384.4834459;17.46206622;4.1935475;4
25910;0.453;-0.251;-0.904;-4.183;0.261;-7.319;384.1528282;17.46338869;4.1935225;4
26010;0.473;-0.246;-0.944;-2.749;1.746;3.132;384.0902106;17.46363916;4.1934975;4
26110;0.464;-0.247;-0.942;-1.046;5.833;0.509;383.9344459;17.46426222;4.1934725;4
26210;0.449;-0.245;-0.928;-6.233;6.477;-11.658;383.59874;17.46560504;4.1934475;4
26310;0.449;-0.244;-0.9;-5.663;11.458;-9.481;383.4903282;17.46603869;4.1934225;4
26410;0.432;-0.248;-0.894;-6.643;1.471;12.968;383.2610341;17.46695586;4.1933975;4
26510;0.428;-0.248;-0.883;-18.785;5.144;20.008;383.0737694;17.46770492;4.1933725;4
26610;0.434;-0.236;-0.855;-19.789;15.247;28.701;382.3632106;17.47054716;4.1933475;4
26710;0.431;-0.23;-0.846;-20.042;9.655;29.225;381.8091518;17.47276339;4.1933225;4
26810;0.456;-0.239;-0.886;-16.918;7.907;29.744;381.1993576;17.47520257;4.1932975;4
26910;0.467;-0.25;-0.905;-18.916;5.598;37.482;380.4886518;17.47804539;4.1932725;4
27010;0.459;-0.253;-0.88;-27.543;12.475;39.155;379.7802106;17.48087916;4.1932475;4
27110;0.495;-0.255;-0.945;-29.635;7.649;51.681;378.9068282;17.48437269;4.1932225;4
27210;0.479;-0.258;-0.907;-31.663;6.691;49.28;378.1918871;17.48723245;4.1931975;4
27310;0.456;-0.262;-0.85;-25.839;15.18;47.737;377.1013576;17.49159457;4.1931725;4
27410;0.468;-0.266;-0.882;-25.27;11.385;47.285;376.1190047;17.49552398;4.1931475;4
27510;0.467;-0.28;-0.914;-27.377;12.44;41.682;375.3323871;17.49867045;4.1931225;4
27610;0.46;-0.285;-0.919;-30.26;13.088;41.022;374.6309165;17.50147633;4.1930975;4
27710;0.459;-0.28;-0.924;-31.709;16.815;35.355;374.0291224;17.50388351;4.1930725;4
27810;0.48;-0.287;-0.975;-22.867;8.701;44.286;373.14324;17.50742704;4.1930475;4
27910;0.476;-0.294;-0.987;-23.732;10.46;37.276;372.43724;17.51025104;4.1930225;4
28010;0.451;-0.287;-0.948;-27.757;19.646;22.967;372.0002988;17.5119988;4.1929975;4
28110;0.466;-0.294;-0.989;-20.412;15.961;28.86;371.2823871;17.51487045;4.1929725;4
28210;0.483;-0.297;-1.033;-19.554;11.437;30.502;370.6240047;17.51750398;4.1929475;4
28310;0.46;-0.296;-0.981;-24.191;9.271;30.445;370.1673871;17.51933045;4.1929225;4
28410;0.428;-0.285;-0.891;-18.527;22.879;30.572;369.1402106;17.52343916;4.1928975;4
28510;0.431;-0.278;-0.881;-18.755;14.075;24.804;368.5483282;17.52580669;4.1928725;4
28610;0.451;-0.294;-0.941;-24.16;2.636;14.601;368.3447106;17.52662116;4.1928475;4
28710;0.449;-0.302;-0.952;-24.094;9.785;9.173;368.1936518;17.52722539;4.1928225;4
28810;0.474;-0.313;-0.999;-17.419;13.9;17.254;367.7896812;17.52884128;4.1927975;4
28910;0.484;-0.316;-1.02;-17.529;12.886;15.329;367.4753871;17.53009845;4.1927725;4
29010;0.504;-0.328;-1.075;-27.939;3.145;2.131;366.8088282;17.53276469;4.1927475;4
29110;0.517;-0.331;-1.099;-23.821;7.37;4.029;366.4434753;17.5342261;4.1927225;4
29210;0.523;-0.325;-1.112;-16.59;11.024;12.052;366.2527106;17.53498916;4.1926975;4
29310;0.533;-0.329;-1.127;-18.338;6.704;10.569;366.2213871;17.53511445;4.1926725;4
29410;0.511;-0.319;-1.061;-24.25;5.501;1.433;365.7120929;17.53715163;4.1926475;4
29510;0.49;-0.309;-1.017;-23.734;4.101;1.589;365.1813871;17.53927445;4.1926225;4
29610;0.479;-0.298;-0.969;-14.758;2.286;14.922;365.1093282;17.53956269;4.1925975;4
29710;0.487;-0.293;-0.971;-15.43;0.937;17.837;365.0109753;17.5399561;4.1925725;4
29810;0.493;-0.292;-0.975;-19.563;-0.297;16.67;364.9171518;17.54033139;4.1925475;4
29910;0.5;-0.294;-0.999;-18.894;2.51;15.904;364.9030341;17.54038786;4.1925225;4
30010;0.521;-0.297;-1.054;-18.421;-4.05;17.007;364.7423282;17.54103069;4.1924975;4
30110;0.511;-0.29;-1.015;-13.749;-7.757;23.363;364.6877106;17.54124916;4.1924725;4
30210;0.47;-0.275;-0.936;-12.568;1.455;20.304;364.4173871;17.54233045;4.1924475;4
30310;0.48;-0.28;-0.946;-16.992;-4.069;16.918;364.2955341;17.54281786;4.1924225;4
30410;0.513;-0.291;-1.013;-17.6;-6.935;15.844;364.0399165;17.54384033;4.1923975;4
30510;0.503;-0.29;-1.015;-14.311;-9.217;24.302;364.0171518;17.54393139;4.1923725;4
30610;0.497;-0.288;-1.007;-14.083;-3.253;24.334;363.8113282;17.54475469;4.1923475;4
30710;0.493;-0.286;-0.996;-12.919;-1.382;20.059;363.6419753;17.5454321;4.1923225;4
30810;0.5;-0.287;-1.021;-9.542;-5.614;19.248;363.5216224;17.54591351;4.1922975;4
30910;0.501;-0.287;-1.036;-11.747;-4.13;12.567;363.4242694;17.54630292;4.1922725;4
31010;0.479;-0.278;-0.986;-6.424;-1.875;20.217;363.07374;17.54770504;4.1922475;4
31110;0.457;-0.27;-0.946;-5.017;0.059;21.252;362.5945047;17.54962198;4.1922225;4
31210;0.436;-0.263;-0.9;-11.151;-2.879;9.134;362.4505047;17.55019798;4.1921975;4
31310;0.417;-0.255;-0.852;-6.378;2.566;4.124;362.4413282;17.55023469;4.1921725;4
31410;0.421;-0.258;-0.862;1.64;6.952;4.543;362.0550047;17.55177998;4.1921475;4
31510;0.416;-0.259;-0.837;-0.72;2.53;-1.587;362.0484459;17.55180622;4.1921225;4
31610;0.436;-0.268;-0.898;-1.175;10.663;-7.565;361.9918871;17.55203245;4.1920975;4
31710;0.466;-0.272;-0.962;-0.286;7.304;-2.367;361.8550929;17.55257963;4.1920725;4
31810;0.469;-0.273;-0.972;2.443;8.673;1.469;361.4849459;17.55406022;4.1920475;4
31910;0.44;-0.266;-0.905;1.37;18.979;-9.01;361.1514459;17.55539422;4.1920225;4
32010;0.437;-0.262;-0.853;-4.935;7.93;-18.595;360.6926224;17.55722951;4.1919975;4
32110;0.435;-0.259;-0.845;-8.183;3.793;-22.533;359.9007694;17.56039692;4.1919725;4
32210;0.425;-0.252;-0.816;-6.123;6.28;-11.73;359.5603871;17.56175845;4.1919475;4
32310;0.431;-0.247;-0.81;-7.674;7.1;-0.695;359.5230635;17.56190775;4.1919225;4
32410;0.457;-0.256;-0.869;-14.175;3.433;0.403;359.2189753;17.5631241;4.1918975;4
32510;0.46;-0.247;-0.881;-13.97;-4.397;7.869;358.9102106;17.56435916;4.1918725;4
32610;0.462;-0.247;-0.881;-14.191;-1.152;13.827;358.8656224;17.56453751;4.1918475;4
32710;0.476;-0.256;-0.897;-15.378;3.976;19.928;358.6148576;17.56554057;4.1918225;4
32810;0.466;-0.244;-0.869;-15.575;2.45;29.791;358.1246812;17.56750128;4.1917975;4
32910;0.482;-0.257;-0.879;-21.311;-0.341;33.457;357.7774753;17.5688901;4.1917725;4
33010;0.489;-0.258;-0.882;-25.988;0.17;36.783;357.4549753;17.5701801;4.1917475;4
33110;0.504;-0.266;-0.932;-24.967;3.238;41.796;356.8647694;17.57254092;4.1917225;4
33210;0.529;-0.287;-1.001;-23.922;-1.869;48.02;356.2109753;17.5751561;4.1916975;4
33310;0.525;-0.296;-1.027;-28.351;3.742;40.942;355.7305929;17.57707763;4.1916725;4
33410;0.514;-0.292;-1.012;-30.109;13.029;29.595;355.3625047;17.57854998;4.1916475;4
33510;0.492;-0.285;-0.961;-24.821;4.498;33.494;354.9751224;17.58009951;4.1916225;4
33610;0.488;-0.295;-0.973;-25.488;-1.36;35.767;354.7127988;17.5811488;4.1915975;4
33710;0.488;-0.299;-0.997;-28.258;8.373;34.199;354.2917988;17.5828328;4.1915725;4
33810;0.486;-0.292;-0.988;-23.549;11.925;38.571;353.49924;17.58600304;4.1915475;4
33910;0.494;-0.292;-1.001;-20.375;7.07;35.292;352.8525635;17.58858975;4.1915225;4
34010;0.479;-0.294;-0.988;-24.445;2.301;26.165;352.7342988;17.5890628;4.1914975;4
34110;0.482;-0.299;-0.992;-25.838;4.835;24.708;352.6253282;17.58949869;4.1914725;4
34210;0.474;-0.294;-0.974;-19.01;9.02;33.879;351.9227106;17.59230916;4.1914475;4
34310;0.468;-0.293;-0.976;-18.528;6.058;35.615;351.2419753;17.5950321;4.1914225;4
34410;0.465;-0.293;-0.969;-25.399;7.17;21.967;351.1320341;17.59547186;4.1913975;4
34510;0.453;-0.292;-0.947;-23.64;4.341;20.588;351.0941224;17.59562351;4.1913725;4
34610;0.453;-0.297;-0.958;-17.51;1.302;25.998;350.8061812;17.59677528;4.1913475;4
34710;0.452;-0.299;-0.972;-16.797;5.154;23.202;350.4662106;17.59813516;4.1913225;4
34810;0.469;-0.304;-1.02;-20.61;3.19;20.187;350.3848282;17.59846069;4.1912975;4
34910;0.483;-0.307;-1.043;-20.197;5.256;16.985;350.3247106;17.59870116;4.1912725;4
35010;0.457;-0.291;-0.99;-15.295;2.231;17.575;350.1920341;17.59923186;4.1912475;4
35110;0.463;-0.293;-1.002;-10.792;-1.833;18.246;350.0267106;17.59989316;4.1912225;4
35210;0.449;-0.285;-0.971;-10.207;3.625;11.965;349.8683871;17.60052645;4.1911975;4
35310;0.453;-0.283;-0.971;-11.613;5.022;4.382;349.8034165;17.60078633;4.1911725;4
35410;0.466;-0.284;-0.999;-4.436;1.55;8.825;349.62874;17.60148504;4.1911475;4
35510;0.434;-0.269;-0.926;-1.821;-2.448;11.907;349.4040929;17.60238363;4.1911225;4
35610;0.433;-0.269;-0.918;-5.056;2.345;5.507;349.3218576;17.60271257;4.1910975;4
35710;0.435;-0.267;-0.921;-3.568;10.783;-2.969;349.1969753;17.6032121;4.1910725;4
35810;0.418;-0.259;-0.86;3.351;4.424;-3.702;349.0771812;17.60369128;4.1910475;4
35910;0.436;-0.267;-0.895;6.253;0.238;-5.051;349.0348282;17.60386069;4.1910225;4
36010;0.444;-0.273;-0.91;-1.293;7.09;-13.927;348.7957106;17.60481716;4.1909975;4
36110;0.424;-0.261;-0.853;-5.855;7.941;-14.042;348.4440635;17.60622375;4.1909725;4
36210;0.446;-0.26;-0.885;-2.577;2.984;-7.959;348.2219459;17.60711222;4.1909475;4
36310;0.445;-0.266;-0.886;3.17;2.98;-6.531;348.21074;17.60715704;4.1909225;4
36410;0.445;-0.264;-0.871;-0.004;3.492;-10.3;348.0103871;17.60795845;4.1908975;4
36510;0.457;-0.259;-0.906;-9.168;3.453;-14.677;347.4106224;17.61035751;4.1908725;4
36610;0.439;-0.257;-0.872;-7.689;-1.78;-3.446;347.0307694;17.61187692;4.1908475;4
36710;0.454;-0.256;-0.882;-0.678;-0.609;12.428;346.7030929;17.61318763;4.1908225;4
36810;0.47;-0.255;-0.927;-4.574;1.395;14.449;346.3716224;17.61451351;4.1907975;4
36910;0.473;-0.258;-0.915;-12.692;-1.523;8.91;346.2155929;17.61513763;4.1907725;4
37010;0.489;-0.258;-0.94;-11.329;1.125;8.101;346.15374;17.61538504;4.1907475;4
37110;0.485;-0.265;-0.956;-6.476;-0.508;18.388;345.8183282;17.61672669;4.1907225;4
37210;0.486;-0.274;-0.968;-6.018;0.806;26.944;345.1791518;17.61928339;4.1906975;4
37310;0.466;-0.26;-0.931;-15.81;5.2;18.596;344.9442694;17.62022292;4.1906725;4
37410;0.477;-0.266;-0.953;-19.309;1.445;13.309;344.8102988;17.6207588;4.1906475;4
37510;0.506;-0.279;-1.017;-9.456;-0.871;21.558;344.4799753;17.6220801;4.1906225;4
37610;0.483;-0.278;-0.984;-10.246;3.162;18.428;344.1463282;17.62341469;4.1905975;4
37710;0.484;-0.281;-0.988;-14.7;8.412;12.683;343.95824;17.62416704;4.1905725;4
37810;0.49;-0.281;-0.996;-17;5.563;11.938;343.9435047;17.62422598;4.1905475;4
37910;0.473;-0.278;-0.956;-13.11;2.288;21.143;343.6399459;17.62544022;4.1905225;4
38010;0.466;-0.268;-0.931;-12.79;7.768;20.486;343.1851224;17.62725951;4.1904975;4
38110;0.481;-0.267;-0.983;-17.61;8.414;10.264;343.1537106;17.62738516;4.1904725;4
38210;0.463;-0.267;-0.939;-14.835;6.048;10.658;343.0986812;17.62760528;4.1904475;4
38310;0.413;-0.243;-0.796;-12.57;8.69;13.323;342.8209459;17.62871622;4.1904225;4
38410;0.422;-0.244;-0.804;-10.425;5.163;26.686;342.1908282;17.63123669;4.1903975;4
38510;0.451;-0.263;-0.882;-16.334;3.852;29.795;341.6816224;17.63327351;4.1903725;4
38610;0.444;-0.256;-0.887;-25.222;7.016;21.456;341.5860341;17.63365586;4.1903475;4
38710;0.463;-0.257;-0.9;-16.22;9.087;26.364;341.0204165;17.63591833;4.1903225;4
38810;0.463;-0.26;-0.891;-7.42;4.587;28.8;340.2566812;17.63897328;4.1902975;4
38910;0.446;-0.262;-0.876;-16.003;-1.988;20.971;340.1690341;17.63932386;4.1902725;4
39010;0.452;-0.269;-0.899;-23.31;1.305;21.563;340.1560341;17.63937586;4.1902475;4
39110;0.459;-0.268;-0.905;-19.388;3.1;33.121;339.6609459;17.64135622;4.1902225;4
39210;0.459;-0.27;-0.886;-14.746;2.409;33.451;339.0399459;17.64384022;4.1901975;4
39310;0.455;-0.271;-0.901;-17.506;-3.119;24.968;338.9122106;17.64435116;4.1901725;4
39410;0.466;-0.279;-0.944;-21.973;2.482;14.058;338.7524165;17.64499033;4.1901475;4
39510;0.497;-0.293;-1.013;-16.387;6.015;17.806;338.5337694;17.64586492;4.1901225;4
39610;0.51;-0.296;-1.055;-12.01;-1.649;26.524;338.1553871;17.64737845;4.1900975;4
39710;0.47;-0.281;-0.966;-13.905;2.39;25.631;337.7402106;17.64903916;4.1900725;4
39810;0.432;-0.261;-0.877;-16.47;10.057;19.965;337.3416224;17.65063351;4.1900475;4
39910;0.438;-0.264;-0.872;-18.188;6.506;8.973;337.2619459;17.65095222;4.1900225;4
40010;0.442;-0.267;-0.882;-11.524;-4.255;13.283;337.1885341;17.65124586;4.1899975;4
40110;0.442;-0.271;-0.911;-8.372;-1.086;19.845;336.8830341;17.65246786;4.1899725;4
40210;0.477;-0.284;-1.001;-12.542;12.26;15.989;336.4210635;17.65431575;4.1899475;4
40310;0.49;-0.288;-1.019;-10.021;10.252;19.204;335.8494459;17.65660222;4.1899225;4
40410;0.455;-0.276;-0.919;-8.086;7.118;13.553;335.4792988;17.6580828;4.1898975;4
40510;0.421;-0.26;-0.841;-9.135;0.688;10.954;335.4055635;17.65837775;4.1898725;4
40610;0.423;-0.263;-0.866;-10.022;3.889;9.803;335.2976224;17.65880951;4.1898475;4
40710;0.431;-0.262;-0.872;-11.219;15.876;-2.974;335.2481224;17.65900751;4.1898225;4
40810;0.448;-0.263;-0.892;-4.704;1.236;3.924;335.2347106;17.65906116;4.1897975;4
40910;0.452;-0.27;-0.907;-4.66;-1.199;5.373;335.2204165;17.65911833;4.1897725;4
41010;0.437;-0.258;-0.878;-12.937;6.656;2.371;335.1054165;17.65957833;4.1897475;4
41110;0.442;-0.254;-0.862;-14.679;7.981;3.843;335.0214459;17.65991422;4.1897225;4
41210;0.455;-0.256;-0.885;-9.307;0.535;5.043;334.9117694;17.66035292;4.1896975;4
41310;0.451;-0.253;-0.878;-8.954;-10.23;7.844;334.57824;17.66168704;4.1896725;4
41410;0.435;-0.25;-0.849;-14.657;2.437;5.131;334.36974;17.66252104;4.1896475;4
41510;0.47;-0.261;-0.916;-13.49;4.516;16.371;334.1521812;17.66339128;4.1896225;4
41610;0.504;-0.269;-0.997;-13.022;-4.621;23.463;333.9810047;17.66407598;4.1895975;4
41710;0.502;-0.271;-1.017;-16.93;-5.05;21.093;333.9549165;17.66418033;4.1895725;4
41810;0.488;-0.265;-0.973;-18.816;4.844;18.122;333.8328576;17.66466857;4.1895475;4
41910;0.518;-0.272;-1.013;-14.386;3.691;24.556;333.4251812;17.66629928;4.1895225;4
42010;0.536;-0.284;-1.055;-15.675;-5.831;31.687;333.12574;17.66749704;4.1894975;4
42110;0.503;-0.268;-0.993;-26.441;-0.014;25.971;333.1115047;17.66755398;4.1894725;4
42210;0.469;-0.257;-0.886;-23.281;7.101;28.647;332.7448282;17.66902069;4.1894475;4
42310;0.484;-0.27;-0.919;-15.911;-4.239;38.554;332.2035341;17.67118586;4.1894225;4
42410;0.511;-0.282;-0.998;-23.038;-11.12;37.738;332.09824;17.67160704;4.1893975;4
42510;0.526;-0.286;-1.047;-28.063;9.986;26.662;331.84574;17.67261704;4.1893725;4
42610;0.545;-0.297;-1.098;-19.367;10.855;27.557;331.2855929;17.67485763;4.1893475;4
42710;0.519;-0.292;-1.037;-16.137;-9.063;30.746;331.1224753;17.6755101;4.1893225;4
42810;0.487;-0.283;-0.966;-21.306;-0.928;25.261;331.0334459;17.67586622;4.1892975;4
42910;0.468;-0.279;-0.923;-22.938;13.157;26.581;330.5393282;17.67784269;4.1892725;4
43010;0.474;-0.274;-0.914;-20.569;4.641;30.999;330.0960635;17.67961575;4.1892475;4
43110;0.511;-0.288;-0.986;-18.499;-7.31;30.907;329.9461224;17.68021551;4.1892225;4
43210;0.489;-0.292;-0.991;-22.939;-6.638;29.021;329.9297694;17.68028092;4.1891975;4
43310;0.489;-0.295;-1.005;-19.575;6.382;33.925;329.3200047;17.68271998;4.1891725;4
43410;0.51;-0.294;-1.021;-13.321;6.323;37.636;328.4188871;17.68632445;4.1891475;4
43510;0.488;-0.293;-0.998;-19.075;-9.609;33.182;328.2865929;17.68685363;4.1891225;4
43610;0.464;-0.292;-0.968;-23.498;-2.167;24.358;328.2481518;17.68700739;4.1890975;4
43710;0.464;-0.288;-0.964;-15.774;9.447;24.663;327.7088576;17.68916457;4.1890725;4
43810;0.465;-0.284;-0.961;-10.582;-2.267;27.358;327.2821224;17.69087151;4.1890475;4
43910;0.448;-0.28;-0.935;-15.339;-3.503;18.423;327.2697988;17.6909208;4.1890225;4
44010;0.412;-0.271;-0.855;-16.195;0.543;20.473;327.1280047;17.69148798;4.1889975;4
44110;0.405;-0.266;-0.825;-9.979;6.846;23.477;326.5296518;17.69388139;4.1889725;4
44210;0.418;-0.266;-0.861;-5.815;3.791;18.711;326.0388576;17.69584457;4.1889475;4
44310;0.414;-0.264;-0.848;-9.325;-6.57;8.697;325.8271518;17.69669139;4.1889225;4
44410;0.398;-0.266;-0.824;-7.853;2.453;1.989;325.7268282;17.69709269;4.1888975;4
44510;0.397;-0.268;-0.845;0.75;7.964;8.263;325.2275047;17.69908998;4.1888725;4
44610;0.403;-0.262;-0.824;1.689;5.105;3.105;324.9363576;17.70025457;4.1888475;4
44710;0.386;-0.255;-0.771;1.174;5.269;-6.813;324.9254753;17.7002981;4.1888225;4
44810;0.416;-0.265;-0.825;-1.289;2.992;-13.226;324.5865635;17.70165375;4.1887975;4
44910;0.451;-0.282;-0.912;-4.286;0.937;-18.119;323.9551518;17.70417939;4.1887725;4
45010;0.449;-0.279;-0.902;1.325;10.817;-19.248;323.7461518;17.70501539;4.1887475;4
45110;0.468;-0.268;-0.901;0.982;9.726;-23.522;323.3692694;17.70652292;4.1887225;4
45210;0.476;-0.265;-0.916;-0.556;-3.416;-21.134;322.6308576;17.70947657;4.1886975;4
45310;0.444;-0.262;-0.855;-5.109;-4.749;-10.749;322.0247694;17.71190092;4.1886725;4
45410;0.437;-0.254;-0.823;-10.653;4.827;-3.036;321.7641224;17.71294351;4.1886475;4
45510;0.463;-0.249;-0.874;-7.546;4.019;3.857;321.7544165;17.71298233;4.1886225;4
45610;0.473;-0.253;-0.917;-4.961;-4.951;7.313;321.6779753;17.7132881;4.1885975;4
45710;0.476;-0.247;-0.93;-7.175;-3.522;7.174;321.5743576;17.71370257;4.1885725;4
45810;0.47;-0.248;-0.91;-10.679;4.104;16.474;321.2832106;17.71486716;4.1885475;4
45910;0.477;-0.261;-0.907;-15.058;3.859;27.185;320.8130341;17.71674786;4.1885225;4
46010;0.483;-0.249;-0.904;-19.333;-4.195;39.461;320.3444165;17.71862233;4.1884975;4
46110;0.485;-0.247;-0.918;-23.137;1.211;44.442;319.6821812;17.72127128;4.1884725;4
46210;0.481;-0.258;-0.91;-24.241;9.448;42.873;318.8562988;17.7245748;4.1884475;4
46310;0.511;-0.271;-0.947;-20.385;4.179;48.105;317.9180929;17.72832763;4.1884225;4
46410;0.514;-0.281;-0.968;-23.73;6.034;47.44;317.0432694;17.73182692;4.1883975;4
46510;0.484;-0.283;-0.923;-30.869;6.69;45.748;316.4088871;17.73436445;4.1883725;4
46610;0.492;-0.289;-0.937;-27.6;6.435;52.783;315.4789459;17.73808422;4.1883475;4
46710;0.492;-0.298;-0.949;-24.518;7.01;55.442;314.36324;17.74254704;4.1883225;4
46810;0.485;-0.3;-0.963;-28.803;5.257;44.485;313.7473871;17.74501045;4.1882975;4
46910;0.5;-0.301;-1.019;-24.454;11.05;36.771;313.0601224;17.74775951;4.1882725;4
47010;0.49;-0.308;-1.002;-16.802;9.67;36.705;312.1903282;17.75123869;4.1882475;4
47110;0.46;-0.306;-0.949;-21.172;2.538;28.361;311.90424;17.75238304;4.1882225;4
47210;0.453;-0.302;-0.971;-26.214;2.298;24.725;311.8804459;17.75247822;4.1881975;4
47310;0.486;-0.31;-1.05;-19.25;8.966;31.987;311.2421224;17.75503151;4.1881725;4
47410;0.485;-0.306;-1.047;-15.266;5.362;28.859;310.6846224;17.75726151;4.1881475;4
47510;0.442;-0.29;-0.973;-16.608;-1.357;18.534;310.6678871;17.75732845;4.1881225;4
47610;0.438;-0.284;-0.96;-14.455;5.481;12.345;310.56874;17.75772504;4.1880975;4
47710;0.433;-0.277;-0.94;-11.483;6.971;12.363;310.3378282;17.75864869;4.1880725;4
47810;0.442;-0.276;-0.954;-7.924;4.173;12.824;310.0709753;17.7597161;4.1880475;4
47910;0.459;-0.282;-0.995;-5.566;3.007;11.397;309.8110341;17.76075586;4.1880225;4
48010;0.457;-0.286;-0.99;-7.592;2.472;7.24;309.7486812;17.76100528;4.1879975;4
48110;0.456;-0.284;-0.986;-6.86;4.995;5.5;309.6417694;17.76143292;4.1879725;4
48210;0.445;-0.276;-0.967;1.073;2.896;14.039;309.1121224;17.76355151;4.1879475;4
48310;0.427;-0.273;-0.914;0.745;7.812;3.923;308.7450635;17.76501975;4.1879225;4
48410;0.424;-0.268;-0.903;-3.358;7.265;-9.618;308.5770929;17.76569163;4.1878975;4
48510;0.401;-0.264;-0.844;1.671;4.996;-7.515;308.5521518;17.76579139;4.1878725;4
48610;0.418;-0.275;-0.85;5.192;7.956;-6.24;308.3489753;17.7666041;4.1878475;4
48710;0.432;-0.269;-0.837;-0.754;1.707;-9.598;308.0947106;17.76762116;4.1878225;4
48810;0.425;-0.266;-0.837;-5.977;3.886;-15.151;307.5875929;17.76964963;4.1877975;4
48910;0.443;-0.27;-0.868;-5.223;1.857;-14.794;307.0534753;17.7717861;4.1877725;4
49010;0.464;-0.269;-0.897;-1.476;-1.959;-11.591;306.6115341;17.77355386;4.1877475;4
49110;0.486;-0.273;-0.958;-0.956;1.168;-13.537;306.2196224;17.77512151;4.1877225;4
49210;0.496;-0.276;-0.973;-7.109;-4.276;-19.557;305.3095635;17.77876175;4.1876975;4
49310;0.479;-0.261;-0.937;-9.616;-5.483;-15.416;304.4120635;17.78235175;4.1876725;4
49410;0.488;-0.259;-0.972;-3.265;-3.981;4.274;304.3246518;17.78270139;4.1876475;4
49510;0.503;-0.262;-1.012;-6.586;-3.213;8.716;304.2927988;17.7828288;4.1876225;4
49610;0.493;-0.253;-0.982;-15.066;-7.939;8.112;303.8547694;17.78458092;4.1875975;4
49710;0.487;-0.25;-0.972;-12.464;-2.745;18.252;303.7652694;17.78493892;4.1875725;4
49810;0.489;-0.254;-0.978;-11.345;-2.472;30.464;303.2756518;17.78689739;4.1875475;4
49910;0.497;-0.251;-0.965;-18.242;-6.141;37.617;302.8864165;17.78845433;4.1875225;4
50010;0.499;-0.246;-0.959;-23.455;1.499;43.832;302.2430047;17.79102798;4.1874975;4
50110;0.504;-0.253;-0.944;-26.172;1.165;52.467;301.4353576;17.79425857;4.1874725;4
50210;0.526;-0.267;-0.972;-28.062;-1.682;60.321;300.5360341;17.79785586;4.1874475;4
50310;0.54;-0.28;-1.027;-32.428;-0.399;63.063;299.64674;17.80141304;4.1874225;4
50410;0.528;-0.283;-1.021;-35.448;10.398;55.317;298.7565341;17.80497386;4.1873975;4
50510;0.513;-0.284;-0.976;-31.636;8.382;55.638;297.8040635;17.80878375;4.1873725;4
50610;0.512;-0.298;-0.973;-33.808;0.459;53.802;297.2025047;17.81118998;4.1873475;4
50710;0.524;-0.322;-1.033;-38.062;4.728;52.683;296.6334165;17.81346633;4.1873225;4
50810;0.532;-0.335;-1.088;-35.957;7.046;60.293;295.7104165;17.81715833;4.1872975;4
50910;0.545;-0.342;-1.156;-35.126;8.639;58.011;294.78324;17.82086704;4.1872725;4
51010;0.507;-0.334;-1.122;-39.015;5.313;50.822;294.2797106;17.82288116;4.1872475;4
51110;0.474;-0.316;-1.087;-36.177;16.586;43.693;293.5708282;17.82571669;4.1872225;4
51210;0.478;-0.303;-1.07;-28.452;17.096;42.482;292.6553576;17.82937857;4.1871975;4
51310;0.459;-0.294;-1.031;-29.178;8.174;37.905;292.1582694;17.83136692;4.1871725;4
51410;0.434;-0.276;-0.992;-31.157;15.118;33.9;291.6329459;17.83346822;4.1871475;4
51510;0.43;-0.258;-0.944;-26.965;14.828;41.51;290.7690341;17.83692386;4.1871225;4
51610;0.414;-0.24;-0.854;-20.972;9.938;46.274;289.7325635;17.84106975;4.1870975;4
51710;0.392;-0.225;-0.791;-18.391;11.762;39.071;288.7783871;17.84488645;4.1870725;4
51810;0.387;-0.223;-0.781;-22.182;9.525;28.079;288.3247988;17.8467008;4.1870475;4
51910;0.417;-0.237;-0.837;-22.214;8.335;27.668;287.91924;17.84832304;4.1870225;4
52010;0.444;-0.246;-0.889;-22.293;3.207;34.889;287.4544459;17.85018222;4.1869975;4
52110;0.439;-0.244;-0.881;-28.112;1.283;33.633;287.2543282;17.85098269;4.1869725;4
52210;0.44;-0.243;-0.881;-26.917;10.422;27.741;286.9235635;17.85230575;4.1869475;4
52310;0.463;-0.246;-0.935;-21.039;10.599;21.947;286.5851224;17.85365951;4.1869225;4
52410;0.459;-0.253;-0.911;-18.273;0.149;18.956;286.5606518;17.85375739;4.1868975;4
52510;0.442;-0.246;-0.874;-19.399;3.005;18.009;286.5131518;17.85394739;4.1868725;4
52610;0.445;-0.243;-0.882;-20.038;7.919;23.459;286.1796224;17.85528151;4.1868475;4
52710;0.446;-0.242;-0.852;-19.152;3.996;27.553;285.8150047;17.85673998;4.1868225;4
52810;0.437;-0.229;-0.831;-17.106;0.588;26.224;285.5295341;17.85788186;4.1867975;4
52910;0.443;-0.238;-0.835;-14.944;-2.138;23.131;285.3516224;17.85859351;4.1867725;4
53010;0.46;-0.247;-0.886;-16.536;0.206;16.814;285.3373871;17.85865045;4.1867475;4
53110;0.466;-0.25;-0.918;-19.26;-0.913;16.359;285.2252106;17.85909916;4.1867225;4
53210;0.46;-0.252;-0.895;-20.231;-5.957;18.359;284.9949459;17.86002022;4.1866975;4
53310;0.439;-0.238;-0.848;-14.587;-4.315;27.227;284.7500929;17.86099963;4.1866725;4
53410;0.488;-0.249;-0.98;-11.755;-0.539;28.283;284.2798282;17.86288069;4.1866475;4
53510;0.503;-0.253;-1.021;-12.967;-1.607;19.459;284.1361518;17.86345539;4.1866225;4
53610;0.457;-0.24;-0.904;-16.897;-3.023;5.807;283.7210635;17.86511575;4.1865975;4
53710;0.44;-0.232;-0.871;-14.357;-4.975;8.483;283.4019753;17.8663921;4.1865725;4
53810;0.437;-0.222;-0.861;-2.344;-4.821;36.057;282.5522106;17.86979116;4.1865475;4
53910;0.455;-0.217;-0.903;-5.786;2.635;39.888;281.4717106;17.87411316;4.1865225;4
54010;0.496;-0.227;-0.997;-13.84;3.145;24.817;281.0563576;17.87577457;4.1864975;4
54110;0.522;-0.235;-1.058;-14.557;-5.495;15.453;280.9210929;17.87631563;4.1864725;4
54210;0.522;-0.246;-1.087;-11.846;-8.314;25.253;280.7712988;17.8769148;4.1864475;4
54310;0.531;-0.238;-1.109;-9.371;-1.49;49.042;279.6483282;17.88140669;4.1864225;4
54410;0.552;-0.239;-1.062;-11.743;3.848;54.6;278.2746518;17.88690139;4.1863975;4
54510;0.547;-0.243;-1.034;-17.016;1.529;36.378;277.6602106;17.88935916;4.1863725;4
54610;0.549;-0.252;-1.09;-16.431;-11.183;31.361;277.5500047;17.88979998;4.1863475;4
54710;0.559;-0.266;-1.098;-17.655;-7.128;37.356;277.1802106;17.89127916;4.1863225;4
54810;0.542;-0.249;-1.052;-16.279;8.818;47.427;276.00474;17.89598104;4.1862975;4
54910;0.549;-0.262;-1.053;-18.053;2.465;40.164;275.2819165;17.89887233;4.1862725;4
55010;0.523;-0.265;-1.014;-20.508;-8.288;20.401;275.0350047;17.89985998;4.1862475;4
55110;0.502;-0.262;-1.002;-11.759;-3.119;17.591;274.9552106;17.90017916;4.1862225;4
55210;0.504;-0.269;-1.019;-5.28;3.458;22.297;274.3530047;17.90258798;4.1861975;4
55310;0.49;-0.252;-0.975;-3.867;1.365;20.463;273.82474;17.90470104;4.1861725;4
55410;0.471;-0.241;-0.931;-7.647;-5.42;6.173;273.6219753;17.9055121;4.1861475;4
55510;0.474;-0.249;-0.96;-3.789;-4.743;1.844;273.4252694;17.90629892;4.1861225;4
55610;0.482;-0.248;-0.959;6.827;7.701;0.58;272.9809165;17.90807633;4.1860975;4
55710;0.456;-0.234;-0.907;12.249;7.643;-5.769;272.5655341;17.90973786;4.1860725;4
55810;0.47;-0.24;-0.943;8.297;-3.167;-15.003;272.2751518;17.91089939;4.1860475;4
55910;0.47;-0.244;-0.954;3.993;-1.753;-17.049;271.8395929;17.91264163;4.1860225;4
56010;0.449;-0.242;-0.923;5.197;15.893;-14.673;271.6508576;17.91339657;4.1859975;4
56110;0.453;-0.235;-0.918;6.265;14.247;-14.412;271.4714459;17.91411422;4.1859725;4
56210;0.454;-0.233;-0.92;7.53;-0.681;-12.821;271.2957988;17.9148168;4.1859475;4
56310;0.442;-0.237;-0.914;4.418;-0.712;-10.704;271.0899753;17.9156401;4.1859225;4
56410;0.441;-0.246;-0.927;-6.7;6.52;-12.6;270.7140929;17.91714363;4.1858975;4
56510;0.439;-0.245;-0.92;-9.196;9.159;-10.147;270.4145635;17.91834175;4.1858725;4
56610;0.419;-0.231;-0.866;-1.643;-1.468;2.145;270.3861518;17.91845539;4.1858475;4
56710;0.425;-0.232;-0.882;-0.529;-5.132;7.039;270.3456224;17.91861751;4.1858225;4
56810;0.433;-0.236;-0.895;-9.261;2.932;-0.955;270.1313871;17.91947445;4.1857975;4
56910;0.433;-0.242;-0.898;-14.385;2.324;-4.185;269.6535635;17.92138575;4.1857725;4
57010;0.431;-0.238;-0.906;-7.496;-7.85;11.937;269.5532988;17.9217868;4.1857475;4
57110;0.427;-0.233;-0.891;-3.71;-6.837;25.758;269.1059165;17.92357633;4.1857225;4
57210;0.389;-0.217;-0.784;-11.894;4.348;17.556;268.8115047;17.92475398;4.1856975;4
57310;0.401;-0.211;-0.79;-14.49;3.274;12.163;268.7836518;17.92486539;4.1856725;4
57410;0.439;-0.233;-0.895;-10.065;-3.779;13.461;268.7723871;17.92491045;4.1856475;4
57510;0.44;-0.241;-0.92;-7.659;-8.227;24.097;268.5308871;17.92587645;4.1856225;4
57610;0.434;-0.238;-0.902;-10.581;-2.282;36.52;267.8350929;17.92865963;4.1855975;4
57710;0.433;-0.234;-0.881;-17.699;9.181;30.033;267.2022988;17.9311908;4.1855725;4
57810;0.429;-0.219;-0.847;-15.895;3.592;25.085;266.8263576;17.93269457;4.1855475;4
57910;0.4;-0.208;-0.782;-11.021;-7.428;28.269;266.5375341;17.93384986;4.1855225;4
58010;0.39;-0.21;-0.774;-12.829;-2.507;31.82;266.0527106;17.93578916;4.1854975;4
58110;0.414;-0.212;-0.815;-13.841;10.053;38.928;265.0191812;17.93992328;4.1854725;4
58210;0.458;-0.22;-0.904;-12.381;7.655;44.134;263.8601224;17.94455951;4.1854475;4
58310;0.522;-0.245;-1.046;-14.135;-3.872;39.802;263.2190929;17.94712363;4.1854225;4
58410;0.53;-0.245;-1.077;-19.327;-0.624;32.858;262.8394753;17.9486421;4.1853975;4
58510;0.505;-0.23;-1.014;-19.206;6.035;44.726;261.9113871;17.95235445;4.1853725;4
58610;0.51;-0.241;-0.957;-18.399;3.858;54.577;260.7338576;17.95706457;4.1853475;4
58710;0.505;-0.231;-0.927;-24.279;2.485;47.19;259.9869165;17.96005233;4.1853225;4
58810;0.51;-0.239;-0.942;-25.523;1.082;39.682;259.5386518;17.96184539;4.1852975;4
58910;0.551;-0.275;-1.036;-17.739;-2.981;46.599;258.7775047;17.96488998;4.1852725;4
59010;0.535;-0.274;-1.042;-19.413;-1.473;48.117;257.9765929;17.96809363;4.1852475;4
59110;0.529;-0.277;-1.031;-23.548;3.595;37.054;257.4736224;17.97010551;4.1852225;4
59210;0.526;-0.275;-1.043;-16.231;1.019;35.45;256.8783871;17.97248645;4.1851975;4
59310;0.499;-0.272;-1.003;-13.708;-2.524;21.239;256.7311224;17.97307551;4.1851725;4
59410;0.485;-0.265;-0.95;-12.632;-4.489;8.19;256.4684459;17.97412622;4.1851475;4
59510;0.492;-0.266;-0.98;-6.427;-2.037;5.865;256.3920047;17.97443198;4.1851225;4
59610;0.475;-0.259;-0.949;-4.537;2.593;-4.543;256.2012106;17.97519516;4.1850975;4
59710;0.465;-0.249;-0.899;1.047;-3.825;-7.248;255.9063282;17.97637469;4.1850725;4
59810;0.484;-0.25;-0.949;10.192;-9.468;-0.295;255.8937106;17.97642516;4.1850475;4
59910;0.469;-0.243;-0.926;4.132;-0.82;-15.158;255.5452988;17.9778188;4.1850225;4
60010;0.468;-0.237;-0.932;1.585;1.352;-22.793;254.9612988;17.9801548;4.1849975;4
60110;0.468;-0.235;-0.926;11.308;0.513;-16.623;254.8200635;17.98071975;4.1849725;4
60210;0.456;-0.241;-0.945;13.904;5.446;-20.453;254.7876224;17.98084951;4.1849475;4
60310;0.478;-0.251;-1.016;10.167;2.706;-17.828;254.6418871;17.98143245;4.1849225;4
60410;0.483;-0.26;-1.011;-1.202;1.698;-23.71;253.9591224;17.98416351;4.1848975;4
60510;0.43;-0.249;-0.932;-4.528;-0.559;-17.098;253.3066224;17.98677351;4.1848725;4
60610;0.412;-0.244;-0.884;0.451;4.964;-4.475;253.2789753;17.9868841;4.1848475;4
60710;0.426;-0.241;-0.904;1.893;9.184;-4.729;253.0922694;17.98763092;4.1848225;4
60810;0.434;-0.248;-0.934;0.397;-2.596;-2.738;252.9470635;17.98821175;4.1847975;4
60910;0.429;-0.268;-0.928;-5.814;-6.335;-4.177;252.4668871;17.99013245;4.1847725;4
61010;0.421;-0.265;-0.941;-4.742;6.442;2.265;252.3502694;17.99059892;4.1847475;4
61110;0.394;-0.247;-0.847;-1.162;6.485;13.184;251.8059459;17.99277622;4.1847225;4
61210;0.412;-0.254;-0.879;-0.891;3.506;9.816;251.4403282;17.99423869;4.1846975;4
61310;0.407;-0.254;-0.892;-0.268;3.74;5.381;251.1799459;17.99528022;4.1846725;4
61410;0.38;-0.26;-0.819;-4.055;2.298;0.514;251.1433871;17.99542645;4.1846475;4
61510;0.408;-0.272;-0.906;-3.183;10.812;-3.828;251.0315929;17.99587363;4.1846225;4
61610;0.439;-0.278;-0.949;-0.121;13.062;-6.515;250.8425929;17.99662963;4.1845975;4
61710;0.431;-0.29;-0.928;3.342;3.432;-1.61;250.6907106;17.99723716;4.1845725;4
61810;0.397;-0.285;-0.879;-2.404;2.539;-3.064;250.6045635;17.99758175;4.1845475;4
61910;0.389;-0.289;-0.836;-9.552;4.979;-5.086;250.3204753;17.9987181;4.1845225;4
62010;0.405;-0.286;-0.839;-7.05;12.955;-11.522;250.1552694;17.99937892;4.1844975;4
62110;0.445;-0.27;-0.844;-6.179;6.197;-21.489;249.5237694;18.00190492;4.1844725;4
62210;0.478;-0.292;-0.911;-0.946;-5.94;-14.585;248.8922694;18.00443092;4.1844475;4
62310;0.507;-0.306;-0.99;-6.885;-0.43;-13.094;248.2920047;18.00683198;4.1844225;4
62410;0.526;-0.299;-1.027;-12.868;-2.781;1.305;247.8701224;18.00851951;4.1843975;4
62510;0.54;-0.301;-1.063;-11.595;2.073;9.188;247.8602988;18.0085588;4.1843725;4
62610;0.548;-0.292;-1.087;-12.378;-2.467;3.5;247.5266224;18.00989351;4.1843475;4
62710;0.513;-0.274;-1.015;-6.423;-8.677;6.587;247.27624;18.01089504;4.1843225;4
62810;0.489;-0.268;-0.961;-7.051;2.22;4.231;247.2585929;18.01096563;4.1842975;4
62910;0.498;-0.279;-0.992;-13.098;-0.348;10.881;247.1831518;18.01126739;4.1842725;4
63010;0.513;-0.275;-0.989;-12.546;-2.966;27.079;246.8429459;18.01262822;4.1842475;4
63110;0.529;-0.275;-1.023;-13.58;1.354;27.372;246.3974753;18.0144101;4.1842225;4
63210;0.52;-0.276;-1.025;-16.041;2.565;19.128;246.23124;18.01507504;4.1841975;4
63310;0.521;-0.279;-1.028;-11.578;0.295;23.26;245.8789753;18.0164841;4.1841725;4
63410;0.49;-0.271;-0.955;-11.395;-0.095;30.271;245.3265929;18.01869363;4.1841475;4
63510;0.465;-0.262;-0.877;-18.501;3.67;28.035;244.93824;18.02024704;4.1841225;4
63610;0.506;-0.279;-0.988;-17.207;2.171;31.126;244.4650047;18.02213998;4.1840975;4
63710;0.525;-0.296;-1.093;-15.883;-2.113;33.194;244.0180047;18.02392798;4.1840725;4
63810;0.468;-0.273;-0.965;-16.821;7.327;26.108;243.5293576;18.02588257;4.1840475;4
63910;0.429;-0.258;-0.832;-13.038;5.888;29.591;242.8693282;18.02852269;4.1840225;4
64010;0.425;-0.263;-0.826;-17.564;-3.903;31.381;242.57774;18.02968904;4.1839975;4
64110;0.485;-0.294;-1.014;-24.847;2.958;27.565;242.4107988;18.0303568;4.1839725;4
64210;0.522;-0.316;-1.123;-18.813;-0.681;46.384;241.6199165;18.03352033;4.1839475;4
64310;0.46;-0.282;-0.948;-9.832;-3.585;62.467;240.1772694;18.03929092;4.1839225;4
64410;0.424;-0.261;-0.887;-9.924;11.97;45.538;238.77774;18.04488904;4.1838975;4
64510;0.408;-0.257;-0.868;-21.035;13.572;9.562;238.7160047;18.04513598;4.1838725;4
64610;0.416;-0.271;-0.874;-13.843;0.965;8.301;238.5813871;18.04567445;4.1838475;4
64710;0.413;-0.28;-0.883;0.606;-2.898;36.748;237.5679753;18.0497281;4.1838225;4
64810;0.386;-0.265;-0.824;-10.015;6.525;41.758;236.4424459;18.05423022;4.1837975;4
64910;0.396;-0.254;-0.85;-15.68;17.783;34.43;235.3679459;18.05852822;4.1837725;4
65010;0.428;-0.26;-0.91;-11.03;13.224;15.093;234.8595047;18.06056198;4.1837475;4
65110;0.408;-0.259;-0.869;-3.75;-4.373;4.981;234.7670929;18.06093163;4.1837225;4
65210;0.397;-0.265;-0.876;-0.802;-6.689;16.526;234.5013576;18.06199457;4.1836975;4
65310;0.397;-0.271;-0.874;-11.699;19.665;10.076;233.9707106;18.06411716;4.1836725;4
65410;0.411;-0.267;-0.892;-9.411;20.152;11.908;233.3045635;18.06678175;4.1836475;4
65510;0.42;-0.266;-0.901;-1.655;-2.79;12.06;233.0805929;18.06767763;4.1836225;4
65610;0.401;-0.265;-0.882;-2.758;-1.408;-0.642;232.9391812;18.06824328;4.1835975;4
65710;0.427;-0.283;-0.94;-3.965;17.34;-4.129;232.66724;18.06933104;4.1835725;4
65810;0.437;-0.29;-0.937;-4.035;17.472;-1.016;232.3019165;18.07079233;4.1835475;4
65910;0.417;-0.278;-0.874;-0.685;1.353;6.747;232.0838282;18.07166469;4.1835225;4
66010;0.408;-0.278;-0.846;-5.566;-3.097;0.342;231.8390929;18.07264363;4.1834975;4
66110;0.438;-0.283;-0.898;-15.15;4.301;-14.58;231.0911812;18.07563528;4.1834725;4
66210;0.47;-0.29;-0.951;-7.981;15.386;-17.815;230.7850047;18.07685998;4.1834475;4
66310;0.473;-0.285;-0.935;6.432;1.34;-2.163;230.6200341;18.07751986;4.1834225;4
66410;0.479;-0.282;-0.928;0.951;-11.218;-0.782;230.2950635;18.07881975;4.1833975;4
66510;0.472;-0.284;-0.931;-17.291;-5.014;-7.737;229.4114753;18.0823541;4.1833725;4
66610;0.462;-0.272;-0.92;-16.67;6.153;1.209;229.1377106;18.08344916;4.1833475;4
66710;0.478;-0.263;-0.921;-2.63;3.687;5.453;228.94624;18.08421504;4.1833225;4
66810;0.488;-0.264;-0.94;4.428;-13.271;5.323;228.8427106;18.08462916;4.1832975;4
66910;0.48;-0.278;-0.953;-4.872;-5.487;-5.64;228.3721518;18.08651139;4.1832725;4
67010;0.487;-0.28;-0.989;-17.018;0.131;-1.515;227.8309165;18.08867633;4.1832475;4
67110;0.488;-0.265;-0.974;-8.813;1.951;21.433;227.4023576;18.09039057;4.1832225;4
67210;0.507;-0.27;-1.013;-1.574;-0.317;26.507;226.6783576;18.09328657;4.1831975;4
67310;0.496;-0.272;-1.02;-12.411;-6.337;7.314;226.3420635;18.09463175;4.1831725;4
67410;0.479;-0.27;-0.964;-15.829;5.605;-2.1;225.9795929;18.09608163;4.1831475;4
67510;0.482;-0.272;-0.966;-6.248;7.817;16.465;225.4491812;18.09820328;4.1831225;4
67610;0.484;-0.272;-0.975;-5.993;-3.986;32.468;224.78774;18.10084904;4.1830975;4
67710;0.478;-0.268;-0.958;-16.564;1.178;28.317;224.4074165;18.10237033;4.1830725;4
67810;0.453;-0.26;-0.907;-22.903;10.193;19.236;224.2154753;18.1031381;4.1830475;4
67910;0.455;-0.259;-0.903;-14.021;6.931;22.196;223.7711812;18.10491528;4.1830225;4
68010;0.47;-0.268;-0.937;-5.928;-2.363;32.181;223.0685341;18.10772586;4.1829975;4
68110;0.473;-0.28;-0.965;-14.334;3.774;30.414;222.4845929;18.11006163;4.1829725;4
68210;0.462;-0.274;-0.944;-20.407;18.316;28.013;221.7221812;18.11311128;4.1829475;4
68310;0.453;-0.264;-0.891;-15.634;11.97;34.24;220.8228871;18.11670845;4.1829225;4
68410;0.449;-0.264;-0.881;-14.129;-1.678;35.542;220.2424459;18.11903022;4.1828975;4
68510;0.459;-0.274;-0.922;-18.952;3.261;30.837;219.7969753;18.1208121;4.1828725;4
68610;0.463;-0.28;-0.929;-16.329;18.537;29.251;218.8717106;18.12451316;4.1828475;4
68710;0.452;-0.267;-0.884;-11.671;11.155;31.062;217.9732988;18.1281068;4.1828225;4
68810;0.431;-0.268;-0.847;-17.091;-1.763;25.257;217.7849753;18.1288601;4.1827975;4
68910;0.431;-0.278;-0.859;-20.03;6.051;21.329;217.5687988;18.1297248;4.1827725;4
69010;0.448;-0.273;-0.886;-14.679;12.041;27.557;216.8358871;18.13265645;4.1827475;4
69110;0.449;-0.281;-0.894;-7.575;11.122;28.205;215.9020047;18.13639198;4.1827225;4
69210;0.452;-0.285;-0.912;-14.1;1.939;11.022;215.8685047;18.13652598;4.1826975;4
69310;0.435;-0.289;-0.906;-17.236;1.167;4.96;215.5417694;18.13783292;4.1826725;4
69410;0.442;-0.291;-0.888;-6.804;12.836;17.005;214.8642106;18.14054316;4.1826475;4
69510;0.449;-0.294;-0.919;-8.342;2.2;21.979;214.3984165;18.14240633;4.1826225;4
69610;0.476;-0.301;-0.994;-16.38;-0.667;10.71;214.2120341;18.14315186;4.1825975;4
69710;0.469;-0.298;-0.984;-15.7;3.102;5.123;213.9921812;18.14403128;4.1825725;4
69810;0.434;-0.289;-0.892;-9.07;5.98;2.573;213.9769753;18.1440921;4.1825475;4
69910;0.442;-0.28;-0.892;-1.402;6.348;5.288;213.6759753;18.1452961;4.1825225;4
70010;0.451;-0.287;-0.922;-7.76;-1.359;2.809;213.4903871;18.14603845;4.1824975;4
70110;0.449;-0.297;-0.911;-17.348;3.121;-9.527;212.79174;18.14883304;4.1824725;4
70210;0.458;-0.284;-0.912;-7.197;2.268;6.032;212.7592988;18.1489628;4.1824475;4
70310;0.467;-0.282;-0.921;-1.414;2.922;6.293;212.5298576;18.14988057;4.1824225;4
70410;0.475;-0.282;-0.945;-6.556;-0.056;-3.136;212.2431518;18.15102739;4.1823975;4
70510;0.489;-0.282;-0.979;-11.162;1.642;-7.468;211.7435047;18.15302598;4.1823725;4
70610;0.477;-0.276;-0.968;-8.39;2.438;2.805;211.6509459;18.15339622;4.1823475;4
70710;0.442;-0.258;-0.855;-3.569;4.136;13.472;211.2380341;18.15504786;4.1823225;4
70810;0.42;-0.248;-0.786;-6.318;7.815;5.322;211.0374753;18.1558501;4.1822975;4
70910;0.412;-0.241;-0.766;-11.557;-2.55;5.708;210.7904459;18.15683822;4.1822725;4
71010;0.415;-0.242;-0.785;-15.048;0.109;10.554;210.6614753;18.1573541;4.1822475;4
71110;0.433;-0.248;-0.821;-12.959;5.162;23.775;210.1915341;18.15923386;4.1822225;4
71210;0.462;-0.26;-0.876;-14.644;2.38;29.67;209.6795929;18.16128163;4.1821975;4
71310;0.487;-0.265;-0.951;-16.741;2.09;30.182;209.2227988;18.1631088;4.1821725;4
71410;0.492;-0.282;-0.97;-20.664;7.34;21.403;208.9851812;18.16405928;4.1821475;4
71510;0.502;-0.276;-0.989;-19.334;10.898;23.66;208.5374165;18.16585033;4.1821225;4
71610;0.502;-0.278;-0.987;-15.446;-0.243;43.518;207.7189165;18.16912433;4.1820975;4
71710;0.485;-0.284;-0.948;-20.103;7.515;39.894;206.9157988;18.1723368;4.1820725;4
71810;0.492;-0.284;-0.969;-21.76;12.925;34.641;206.1567988;18.1753728;4.1820475;4
71910;0.476;-0.279;-0.921;-20.467;3.84;31.9;205.7075929;18.17716963;4.1820225;4
72010;0.449;-0.273;-0.885;-17.714;2.711;32.49;205.1932694;18.17922692;4.1819975;4
72110;0.462;-0.289;-0.918;-21.251;1.452;34.381;204.7643871;18.18094245;4.1819725;4
72210;0.449;-0.283;-0.888;-21.974;10.821;29.849;204.2145047;18.18314198;4.1819475;4
72310;0.442;-0.283;-0.915;-18.248;10.421;26.595;203.6625047;18.18534998;4.1819225;4
72410;0.447;-0.296;-0.928;-20.157;3.431;17.45;203.6412106;18.18543516;4.1818975;4
72510;0.441;-0.294;-0.922;-18.734;4.287;17.835;203.5415635;18.18583375;4.1818725;4
72610;0.436;-0.296;-0.918;-17.512;10.965;18.553;203.1884459;18.18724622;4.1818475;4
72710;0.438;-0.294;-0.915;-15.512;11.621;18.935;202.7459753;18.1890161;4.1818225;4
72810;0.443;-0.288;-0.913;-16.819;3.939;17.052;202.6232694;18.18950692;4.1817975;4
72910;0.437;-0.284;-0.904;-18.051;4.45;13.344;202.6157106;18.18953716;4.1817725;4
73010;0.446;-0.293;-0.92;-11.972;9.185;16.543;202.2111224;18.19115551;4.1817475;4
73110;0.455;-0.293;-0.929;-11.52;9.879;11.551;201.9196518;18.19232139;4.1817225;4
73210;0.455;-0.281;-0.924;-13.555;1.676;12.474;201.9021518;18.19239139;4.1816975;4
73310;0.453;-0.295;-0.929;-14.566;0.209;14.33;201.9013576;18.19239457;4.1816725;4
73410;0.459;-0.287;-0.922;-14.985;7.16;8.881;201.8702988;18.1925188;4.1816475;4
73510;0.497;-0.279;-0.969;-7.178;6.491;11.765;201.5444753;18.1938221;4.1816225;4
73610;0.491;-0.288;-0.981;-5.703;0.68;11.15;201.3642694;18.19454292;4.1815975;4
73710;0.478;-0.287;-0.942;-11.74;-2.102;9.565;201.2384753;18.1950461;4.1815725;4
73810;0.509;-0.305;-1.033;-12.444;2.58;13.753;201.1240929;18.19550363;4.1815475;4
73910;0.504;-0.307;-1.052;-5.056;5.627;23.142;200.4266518;18.19829339;4.1815225;4
74010;0.464;-0.275;-0.934;-6.728;-3.714;17.178;200.2285341;18.19908586;4.1814975;4
74110;0.454;-0.267;-0.88;-12.939;-9.826;5.33;199.71574;18.20113704;4.1814725;4
74210;0.449;-0.276;-0.885;-10.959;1.482;0.991;199.4661518;18.20213539;4.1814475;4
74310;0.434;-0.268;-0.883;-10.038;-7.207;9.512;199.2387106;18.20304516;4.1814225;4
74410;0.491;-0.291;-0.998;-4.926;-5.45;16.082;199.0708871;18.20371645;4.1813975;4
74510;0.509;-0.298;-1.035;-6.626;4.857;1.857;199.0682988;18.2037268;4.1813725;4
74610;0.495;-0.292;-1.02;-12.698;-2.41;-9.113;198.3559165;18.20657633;4.1813475;4
74710;0.455;-0.274;-0.925;-6.713;2.477;-2.721;198.1512988;18.2073948;4.1813225;4
74810;0.382;-0.244;-0.737;-0.453;4.101;10.823;197.7256812;18.20909728;4.1812975;4
74910;0.423;-0.263;-0.82;-13.909;2.938;-6.772;197.2038282;18.21118469;4.1812725;4
75010;0.484;-0.279;-0.986;-19.312;-3.85;-15.337;196.0715047;18.21571398;4.1812475;4
75110;0.476;-0.266;-0.991;-8.236;4.853;-6.905;195.7689165;18.21692433;4.1812225;4
75210;0.43;-0.245;-0.841;-1.461;18.721;-5.376;195.4193871;18.21832245;4.1811975;4
75310;0.4;-0.236;-0.749;-3.508;5.417;1.145;195.3295635;18.21868175;4.1811725;4
75410;0.437;-0.254;-0.857;-16.335;-5.3;6.75;194.8917694;18.22043292;4.1811475;4
75510;0.454;-0.26;-0.902;-21.582;-1.581;27.651;194.7597694;18.22096092;4.1811225;4
75610;0.46;-0.248;-0.902;-15.245;16.177;39.824;193.5610635;18.22575575;4.1810975;4
75710;0.486;-0.243;-0.936;-11.915;13.18;31.865;192.5866518;18.22965339;4.1810725;4
75810;0.476;-0.25;-0.92;-15.83;-5.44;24.907;192.4796812;18.23008128;4.1810475;4
75910;0.457;-0.266;-0.888;-24.824;3.437;28.182;192.2798282;18.23088069;4.1810225;4
76010;0.486;-0.271;-0.904;-30.128;10.47;55.139;191.2362694;18.23505492;4.1809975;4
76110;0.508;-0.269;-0.913;-29.193;3.903;77.014;189.7149753;18.2411401;4.1809725;4
76210;0.478;-0.268;-0.899;-36.001;6.979;55.994;188.9216812;18.24431328;4.1809475;4
76310;0.472;-0.28;-0.948;-36.937;9.424;32.35;188.7794165;18.24488233;4.1809225;4
76410;0.481;-0.295;-0.979;-23.751;7.996;40.245;188.0591224;18.24776351;4.1808975;4
76510;0.468;-0.3;-0.952;-23.984;9.411;52.947;186.9304753;18.2522781;4.1808725;4
76610;0.462;-0.296;-0.944;-36.009;18.928;50.064;185.9603871;18.25615845;4.1808475;4
76710;0.464;-0.289;-0.951;-34.865;20.857;47.702;184.9693871;18.26012245;4.1808225;4
76810;0.48;-0.299;-1.001;-25.564;8.888;46.922;184.0797988;18.2636808;4.1807975;4
76910;0.456;-0.3;-0.982;-22.853;6.077;41.127;183.3635929;18.26654563;4.1807725;4
77010;0.44;-0.304;-0.972;-21.582;13.18;42.892;182.3491812;18.27060328;4.1807475;4
77110;0.432;-0.298;-0.971;-18.574;22.598;42.321;180.9860929;18.27605563;4.1807225;4
77210;0.446;-0.297;-0.995;-19.955;14.084;30.505;180.2615635;18.27895375;4.1806975;4
77310;0.449;-0.298;-1.019;-19.382;2.988;20.998;180.1261518;18.27949539;4.1806725;4
77410;0.428;-0.295;-0.993;-13.579;11.368;18.159;179.6570929;18.28137163;4.1806475;4
77510;0.446;-0.3;-1.02;-11.816;15.939;14.784;179.1010047;18.28359598;4.1806225;4
77610;0.45;-0.305;-1.034;-13.45;9.313;9.108;178.9547988;18.2841808;4.1805975;4
77710;0.447;-0.303;-1.017;-11.665;-0.22;9.41;178.8820047;18.28447198;4.1805725;4
77810;0.447;-0.301;-1.002;-12.699;4.852;2.042;178.7112694;18.28515492;4.1805475;4
77910;0.442;-0.301;-0.982;-10.954;9.522;-4.547;178.5354165;18.28585833;4.1805225;4
78010;0.441;-0.297;-0.966;-5.105;5.345;-7.257;178.3290341;18.28668386;4.1804975;4
78110;0.441;-0.306;-0.973;-5.065;-2.133;-11.161;177.7890635;18.28884375;4.1804725;4
78210;0.422;-0.303;-0.912;-9.692;-8.571;-9.791;176.9639459;18.29214422;4.1804475;4
78310;0.45;-0.304;-0.961;-7.859;3.538;-9.938;176.5445635;18.29382175;4.1804225;4
78410;0.481;-0.295;-0.984;-3.221;7.189;-14.352;176.2391518;18.29504339;4.1803975;4
78510;0.485;-0.292;-0.965;3.952;-10.064;-10.553;175.7490047;18.29700398;4.1803725;4
78610;0.471;-0.293;-0.962;2.929;-8.775;-12.189;175.2185635;18.29912575;4.1803475;4
78710;0.448;-0.276;-0.883;-5.305;-2.251;-9.314;174.7223871;18.30111045;4.1803225;4
78810;0.457;-0.273;-0.895;-1.517;4.429;-2.13;174.6993871;18.30120245;4.1802975;4
78910;0.466;-0.272;-0.916;1.743;3.523;-12.026;174.5005635;18.30199775;4.1802725;4
79010;0.456;-0.263;-0.89;5.292;-7.881;-14.653;173.9934459;18.30402622;4.1802475;4
79110;0.465;-0.266;-0.927;3.506;-1.31;-15.866;173.5913871;18.30563445;4.1802225;4
79210;0.463;-0.267;-0.921;-5.076;7.259;-19.11;173.0935341;18.30762586;4.1801975;4
79310;0.45;-0.254;-0.873;-3.567;6.327;-12.458;172.8082988;18.3087668;4.1801725;4
79410;0.439;-0.24;-0.844;-0.283;-5.349;-1.532;172.5975929;18.30960963;4.1801475;4
79510;0.43;-0.24;-0.821;-4.637;-2.592;-2.246;172.3189165;18.31072433;4.1801225;4
79610;0.453;-0.252;-0.896;-11.909;7.139;-8.506;171.9284459;18.31228622;4.1800975;4
79710;0.458;-0.251;-0.92;-11.018;0.43;2.915;171.7027694;18.31318892;4.1800725;4
79810;0.455;-0.25;-0.903;-5.7;2.238;14.971;171.3642694;18.31454292;4.1800475;4
79910;0.453;-0.25;-0.896;-11.471;0.683;18.68;171.1321518;18.31547139;4.1800225;4
80010;0.447;-0.245;-0.887;-21.433;3.943;18.036;171.1160929;18.31553563;4.1799975;4
80110;0.446;-0.241;-0.865;-20.916;8.631;25.624;170.7237694;18.31710492;4.1799725;4
80210;0.48;-0.249;-0.911;-15.628;1.556;41.536;169.9160047;18.32033598;4.1799475;4
80310;0.49;-0.26;-0.935;-20.175;5.878;45.652;168.9937988;18.3240248;4.1799225;4
80410;0.484;-0.26;-0.913;-26.248;13.827;42.722;168.1025929;18.32758963;4.1798975;4
80510;0.485;-0.261;-0.899;-22.33;12.389;47.251;167.00524;18.33197904;4.1798725;4
80610;0.486;-0.273;-0.898;-23.594;3.755;49.548;166.1314459;18.33547422;4.1798475;4
80710;0.493;-0.285;-0.953;-31.698;3.186;47.398;165.5759753;18.3376961;4.1798225;4
80810;0.49;-0.286;-0.952;-28.106;13.434;56.106;164.3573282;18.34257069;4.1797975;4
80910;0.479;-0.285;-0.919;-23.323;10.983;58.26;163.00674;18.34797304;4.1797725;4
81010;0.468;-0.289;-0.937;-30.246;5.743;40.259;162.5433282;18.34982669;4.1797475;4
81110;0.469;-0.297;-0.976;-29.157;13.192;31.618;162.0829459;18.35166822;4.1797225;4
81210;0.469;-0.304;-0.982;-20.443;12.242;41.934;161.0907988;18.3556368;4.1796975;4
81310;0.466;-0.302;-0.979;-21.483;10.079;41.527;160.2048282;18.35918069;4.1796725;4
81410;0.462;-0.303;-0.993;-27.934;11.044;33.061;159.7292106;18.36108316;4.1796475;4
81510;0.462;-0.306;-1.001;-23.078;13.468;33.234;159.0343871;18.36386245;4.1796225;4
81610;0.444;-0.299;-0.963;-14.461;10.086;37.247;158.0675635;18.36772975;4.1795975;4
81710;0.427;-0.295;-0.938;-17.209;4.817;30.609;157.5317694;18.36987292;4.1795725;4
81810;0.43;-0.293;-0.969;-17.917;14.7;20.307;157.0291224;18.37188351;4.1795475;4
81910;0.436;-0.294;-0.974;-14.717;11.386;15.662;156.6664459;18.37333422;4.1795225;4
82010;0.43;-0.294;-0.949;-9.411;2.192;15.336;156.4277106;18.37428916;4.1794975;4
82110;0.437;-0.297;-0.978;-9.132;3.443;11.34;156.2615047;18.37495398;4.1794725;4
82210;0.449;-0.306;-0.998;-15.492;5.383;1.2;155.9994753;18.3760021;4.1794475;4
82310;0.431;-0.293;-0.936;-9.653;7.235;0.679;155.9483282;18.37620669;4.1794225;4
82410;0.429;-0.295;-0.948;-1.396;1.044;2.391;155.8883576;18.37644657;4.1793975;4
82510;0.458;-0.31;-1.001;-5.539;-0.912;-10.353;155.3941224;18.37842351;4.1793725;4
82610;0.457;-0.303;-0.965;-7.999;4.888;-19.991;154.7146518;18.38114139;4.1793475;4
82710;0.447;-0.295;-0.925;0.633;3.705;-11.573;154.5018576;18.38199257;4.1793225;4
82810;0.468;-0.289;-0.912;4.597;4.209;-9.324;154.4866224;18.38205351;4.1792975;4
82910;0.467;-0.287;-0.906;-0.786;1.044;-15.746;154.0310929;18.38387563;4.1792725;4
83010;0.462;-0.281;-0.891;-4.592;-5.481;-11.668;153.3916518;18.38643339;4.1792475;4
83110;0.474;-0.274;-0.907;-3.564;1.344;-9.991;153.0325047;18.38786998;4.1792225;4
83210;0.468;-0.263;-0.899;0.431;3.34;-11.245;152.8126812;18.38874928;4.1791975;4
83310;0.473;-0.258;-0.904;1.086;-0.866;-14.336;152.3975047;18.39040998;4.1791725;4
83410;0.487;-0.265;-0.947;-1.335;-5.077;-9.663;151.9247106;18.39230116;4.1791475;4
83510;0.49;-0.269;-0.955;-5.093;-0.188;2.481;151.8423576;18.39263057;4.1791225;4
83610;0.486;-0.254;-0.944;-6.668;7.543;11.358;151.4825635;18.39406975;4.1790975;4
83710;0.477;-0.244;-0.925;-8.098;1.405;15.585;151.2210341;18.39511586;4.1790725;4
83810;0.476;-0.256;-0.924;-10.641;-1.505;9.371;151.1394165;18.39544233;4.1790475;4
83910;0.478;-0.257;-0.94;-10.23;2.636;16.261;150.8845047;18.39646198;4.1790225;4
84010;0.477;-0.256;-0.932;-12.135;6.348;30.647;150.1533282;18.39938669;4.1789975;4
84110;0.49;-0.265;-0.94;-18.014;5.975;35.436;149.4651812;18.40213928;4.1789725;4
84210;0.487;-0.259;-0.921;-21.281;3.795;37.903;148.8646812;18.40454128;4.1789475;4
84310;0.49;-0.268;-0.949;-21.694;4.403;39.629;148.2076812;18.40716928;4.1789225;4
84410;0.489;-0.279;-0.958;-22.025;7.572;40.163;147.4515047;18.41019398;4.1788975;4
84510;0.506;-0.274;-0.972;-21.484;6.374;43.108;146.6280341;18.41348786;4.1788725;4
84610;0.508;-0.283;-0.989;-22.891;9.13;40.734;145.8347106;18.41666116;4.1788475;4
84710;0.473;-0.281;-0.934;-24.393;8.098;39.278;145.15874;18.41936504;4.1788225;4
84810;0.465;-0.283;-0.91;-22.694;3.343;46.418;144.3626518;18.42254939;4.1787975;4
84910;0.453;-0.28;-0.892;-22.768;7.447;44.537;143.5033576;18.42598657;4.1787725;4
85010;0.444;-0.278;-0.908;-24.5;11.19;34.139;142.89074;18.42843704;4.1787475;4
85110;0.442;-0.278;-0.909;-19.282;10.837;30.14;142.2526518;18.43098939;4.1787225;4
85210;0.448;-0.284;-0.919;-15.878;3.386;32.185;141.6734459;18.43330622;4.1786975;4
85310;0.436;-0.28;-0.905;-18.749;6.928;30.06;141.1370047;18.43545198;4.1786725;4
85410;0.441;-0.28;-0.914;-18.854;12.59;30.732;140.4173576;18.43833057;4.1786475;4
85510;0.445;-0.284;-0.922;-14.852;8.872;32.136;139.6480635;18.44140775;4.1786225;4
85610;0.432;-0.279;-0.904;-16.324;4.236;23.557;139.31074;18.44275704;4.1785975;4
85710;0.437;-0.287;-0.934;-17.963;4.145;17.766;139.1946224;18.44322151;4.1785725;4
85810;0.445;-0.302;-0.974;-13.007;9.523;17.626;138.7786812;18.44488528;4.1785475;4
85910;0.453;-0.301;-0.991;-9.286;8.125;16.039;138.3410929;18.44663563;4.1785225;4
86010;0.449;-0.296;-0.975;-10.388;1.611;12.45;138.2330635;18.44706775;4.1784975;4
86110;0.441;-0.3;-0.949;-12.87;2.387;4.939;138.0700047;18.44771998;4.1784725;4
86210;0.422;-0.291;-0.899;-9.9;5.146;1.249;137.9669165;18.44813233;4.1784475;4
86310;0.432;-0.287;-0.895;-5.525;3.322;-1.176;137.8675341;18.44852986;4.1784225;4
86410;0.45;-0.292;-0.906;-4.448;3.432;-9.388;137.5615341;18.44975386;4.1783975;4
86510;0.438;-0.289;-0.901;-4.574;-0.442;-8.001;137.1786812;18.45128528;4.1783725;4
86610;0.461;-0.292;-0.934;-5.836;-3.947;1.02;136.9209459;18.45231622;4.1783475;4
86710;0.471;-0.296;-0.968;-5.439;5.414;-2.617;136.84324;18.45262704;4.1783225;4
86810;0.458;-0.281;-0.92;-1.873;2.123;-4.595;136.7154459;18.45313822;4.1782975;4
86910;0.45;-0.273;-0.896;0.077;-5.11;-6.632;136.3723576;18.45451057;4.1782725;4
87010;0.447;-0.275;-0.899;-3.064;-2.078;-13.622;135.8204753;18.4567181;4.1782475;4
87110;0.45;-0.266;-0.88;-2.589;3.286;-9.22;135.5697988;18.4577208;4.1782225;4
87210;0.445;-0.268;-0.883;-1.082;2.278;-5.681;135.4378871;18.45824845;4.1781975;4
87310;0.457;-0.264;-0.893;-1.63;1.731;-9.716;135.1550929;18.45937963;4.1781725;4
87410;0.457;-0.263;-0.903;-1.073;2.789;-7.826;134.9753871;18.46009845;4.1781475;4
87510;0.465;-0.262;-0.926;-4.64;2.378;-6.391;134.7208871;18.46111645;4.1781225;4
87610;0.467;-0.266;-0.929;-8.552;2.242;-4.239;134.4106224;18.46235751;4.1780975;4
87710;0.454;-0.251;-0.905;-7.464;1.346;5.192;134.3833871;18.46246645;4.1780725;4
87810;0.446;-0.24;-0.882;-9.056;5.62;11.859;134.1356518;18.46345739;4.1780475;4
87910;0.432;-0.233;-0.834;-14.239;5.235;14.761;133.9663282;18.46413469;4.1780225;4
88010;0.443;-0.233;-0.851;-15.842;4.234;22.216;133.6543282;18.46538269;4.1779975;4
88110;0.462;-0.246;-0.887;-17.102;0.239;37.219;133.0556224;18.46777751;4.1779725;4
88210;0.478;-0.254;-0.917;-20.994;5.37;46.493;132.1477106;18.47140916;4.1779475;4
88310;0.488;-0.262;-0.918;-20.935;12.143;45.834;131.05824;18.47576704;4.1779225;4
88410;0.488;-0.265;-0.929;-20.493;6.116;39.241;130.3269459;18.47869222;4.1778975;4
88510;0.49;-0.284;-0.982;-23.358;-1.721;37.993;129.9471224;18.48021151;4.1778725;4
88610;0.453;-0.274;-0.906;-22.748;4.851;49.673;129.0125341;18.48394986;4.1778475;4
88710;0.452;-0.273;-0.879;-19.314;12.123;60.878;127.4335047;18.49026598;4.1778225;4
88810;0.459;-0.277;-0.913;-24.278;7.663;51.586;126.4049459;18.49438022;4.1777975;4
88910;0.433;-0.268;-0.877;-28.033;7.051;31.94;126.0826518;18.49566939;4.1777725;4
89010;0.434;-0.275;-0.871;-25.753;0.939;27.012;126.0180047;18.49592798;4.1777475;4
89110;0.433;-0.282;-0.883;-19.931;6.32;34.569;125.4015929;18.49839363;4.1777225;4
89210;0.428;-0.278;-0.885;-15.223;12.744;46.203;124.1155929;18.50353763;4.1776975;4
89310;0.461;-0.281;-0.949;-19.938;14.015;35.833;123.2358871;18.50705645;4.1776725;4
89410;0.456;-0.276;-0.95;-19.274;10.117;24.746;122.7773871;18.50889045;4.1776475;4
89510;0.453;-0.284;-0.952;-14.14;0.2;27.783;122.37024;18.51051904;4.1776225;4
89610;0.457;-0.29;-0.963;-12.36;3.004;32.869;121.6786812;18.51328528;4.1775975;4
89710;0.452;-0.282;-0.971;-12.765;10.439;35.672;120.6979165;18.51720833;4.1775725;4
89810;0.504;-0.295;-1.087;-13.851;12.268;23.946;120.0401812;18.51983928;4.1775475;4
89910;0.48;-0.291;-1.029;-8.195;4;12.235;119.8037106;18.52078516;4.1775225;4
90010;0.406;-0.276;-0.859;-2.896;-4.523;11.101;119.6954165;18.52121833;4.1774975;4
90110;0.398;-0.284;-0.838;-6.147;7.741;4.372;119.5199459;18.52192022;4.1774725;4
90210;0.414;-0.283;-0.855;-9.183;9.534;1.437;119.4673576;18.52213057;4.1774475;4
90310;0.428;-0.281;-0.864;-6.559;1.805;-3.384;119.2280047;18.52308798;4.1774225;4
90410;0.42;-0.278;-0.85;-0.083;-2.84;-6.919;118.9385341;18.52424586;4.1773975;4
90510;0.424;-0.275;-0.846;1.108;0.919;-9.269;118.7255341;18.52509786;4.1773725;4
90610;0.446;-0.278;-0.88;-5.641;6.753;-16.229;118.2809165;18.52687633;4.1773475;4
90710;0.495;-0.306;-0.997;-7.077;-4.715;-13.546;117.5356812;18.52985728;4.1773225;4
90810;0.526;-0.317;-1.082;1.148;-7.047;-5.758;117.1928282;18.53122869;4.1772975;4
90910;0.572;-0.309;-1.157;2.246;11.464;-18.643;117.04774;18.53180904;4.1772725;4
91010;0.624;-0.328;-1.256;0.408;3.838;-23.957;116.4680047;18.53412798;4.1772475;4
91110;0.573;-0.315;-1.185;4.212;-5.932;-6.925;116.21374;18.53514504;4.1772225;4
91210;0.492;-0.279;-1.028;-2.164;4.274;-2.204;116.2109753;18.5351561;4.1771975;4
91310;0.48;-0.264;-0.948;-11.097;5.917;-8.491;115.8088871;18.53676445;4.1771725;4
91410;0.498;-0.264;-0.961;-2.301;-3.825;0.935;115.6562106;18.53737516;4.1771475;4
91510;0.479;-0.272;-0.975;0.23;-7.976;4.895;115.5723576;18.53771057;4.1771225;4
91610;0.449;-0.265;-0.917;-10.389;1.146;-0.147;115.2961812;18.53881528;4.1770975;4
91710;0.473;-0.26;-0.923;-12.918;6.9;4.574;115.2537106;18.53898516;4.1770725;4
91810;0.486;-0.264;-0.958;-9.292;1.132;11.011;115.1698576;18.53932057;4.1770475;4
91910;0.474;-0.271;-0.957;-7.566;-6.1;20.607;114.9657106;18.54013716;4.1770225;4
92010;0.474;-0.267;-0.952;-17.638;5.515;13.982;114.9110341;18.54035586;4.1769975;4
92110;0.463;-0.263;-0.911;-23.751;5.11;15.078;114.80624;18.54077504;4.1769725;4
92210;0.454;-0.257;-0.874;-18.415;0.076;26.973;114.5522988;18.5417908;4.1769475;4
92310;0.442;-0.25;-0.848;-19.026;-1.84;35.381;114.1253871;18.54349845;4.1769225;4
92410;0.428;-0.253;-0.819;-24.811;5.247;42.49;113.4510929;18.54619563;4.1768975;4
92510;0.484;-0.269;-0.952;-25.409;13.223;51.73;112.2880341;18.55084786;4.1768725;4
92610;0.532;-0.291;-1.049;-31.079;3.641;51.529;111.5794753;18.5536821;4.1768475;4
92710;0.527;-0.294;-1.021;-32.683;9.811;48.276;110.8322988;18.5566708;4.1768225;4
92810;0.509;-0.262;-0.916;-24.862;19.436;54.828;109.3792988;18.5624828;4.1767975;4
92910;0.481;-0.256;-0.816;-27.12;8.617;56.096;108.2736224;18.56690551;4.1767725;4
93010;0.485;-0.285;-0.884;-35.749;2.87;50.716;107.7490047;18.56900398;4.1767475;4
93110;0.498;-0.305;-0.946;-45.798;7.215;37.938;107.7300341;18.56907986;4.1767225;4
93210;0.501;-0.327;-0.994;-34.115;7.582;50.805;107.0161518;18.57193539;4.1766975;4
93310;0.487;-0.337;-1.01;-19.775;6.728;59.134;105.6606518;18.57735739;4.1766725;4
93410;0.479;-0.35;-1.065;-26.324;21.971;21.316;105.16174;18.57935304;4.1766475;4
93510;0.468;-0.338;-1.105;-25.374;19.516;4.072;105.1092106;18.57956316;4.1766225;4
93610;0.531;-0.352;-1.216;-22.003;-1.828;16.504;104.8937106;18.58042516;4.1765975;4
93710;0.584;-0.369;-1.348;-19.471;2.978;32.918;104.4106224;18.58235751;4.1765725;4
93810;0.547;-0.336;-1.274;-18.568;20.324;38.494;103.2267988;18.5870928;4.1765475;4
93910;0.525;-0.31;-1.186;-21.075;14.88;27.059;102.6131518;18.58954739;4.1765225;4
94010;0.491;-0.3;-1.091;-20.273;-1.981;10.109;102.2559459;18.59097622;4.1764975;4
94110;0.446;-0.3;-1.008;-9.4;1.713;9.463;102.2037106;18.59118516;4.1764725;4
94210;0.463;-0.314;-1.046;-10.84;14.253;5.675;101.9364165;18.59225433;4.1764475;4
94310;0.453;-0.296;-0.973;-13.815;15.061;2.619;101.82274;18.59270904;4.1764225;4
94410;0.412;-0.27;-0.853;-8.707;-4.264;16.998;101.7042988;18.5931828;4.1763975;4
94510;0.397;-0.269;-0.817;-19.28;-5.54;4.986;101.1209459;18.59551622;4.1763725;4
94610;0.406;-0.269;-0.844;-16.925;3.888;4.367;100.8659459;18.59653622;4.1763475;4
94710;0.419;-0.266;-0.858;-5.414;2.947;13.219;100.5497106;18.59780116;4.1763225;4
94810;0.404;-0.25;-0.813;-1.414;0.997;7.396;100.3444459;18.59862222;4.1762975;4
94910;0.389;-0.244;-0.783;-6.915;-7.739;2.291;99.98082824;18.60007669;4.1762725;4
95010;0.416;-0.267;-0.866;-16.832;-1.056;-11.141;99.12703412;18.60349186;4.1762475;4
95110;0.423;-0.265;-0.88;-4.165;6.193;-1.897;99.12318118;18.60350728;4.1762225;4
95210;0.428;-0.259;-0.891;10.399;-4.675;14.389;98.53162235;18.60587351;4.1761975;4
95310;0.453;-0.272;-0.944;0.803;-4.148;-2.377;98.36332824;18.60654669;4.1761725;4
95410;0.429;-0.27;-0.886;-7.903;-3.696;-8.517;97.77168118;18.60891328;4.1761475;4
95510;0.428;-0.27;-0.894;1.584;3.485;4.52;97.48965176;18.61004139;4.1761225;4
95610;0.447;-0.272;-0.928;8.93;9.246;3.489;96.85244588;18.61259022;4.1760975;4
95710;0.464;-0.272;-0.949;9.477;3.871;-4.702;96.59815176;18.61360739;4.1760725;4
95810;0.433;-0.259;-0.882;3.11;4.924;-16.453;96.35053412;18.61459786;4.1760475;4
95910;0.39;-0.246;-0.77;-5.432;4.829;-21.439;95.70224;18.61719104;4.1760225;4
96010;0.377;-0.236;-0.723;-3.379;6.667;-12.241;95.43891647;18.61824433;4.1759975;4
96110;0.405;-0.243;-0.802;-1.488;5.076;-8.217;95.30276941;18.61878892;4.1759725;4
96210;0.452;-0.26;-0.888;-7.514;4.56;-22.766;94.54629882;18.6218148;4.1759475;4
96310;0.463;-0.265;-0.908;-10.155;-4.092;-24.354;93.41097529;18.6263561;4.1759225;4
96410;0.453;-0.256;-0.913;-7.895;-4.501;-5.128;92.89556353;18.62841775;4.1758975;4
96510;0.447;-0.252;-0.881;-11.842;0.249;13.938;92.82659294;18.62869363;4.1758725;4
96610;0.417;-0.228;-0.763;-20.837;-0.67;20.557;92.79865176;18.62880539;4.1758475;4
96710;0.408;-0.217;-0.743;-24.543;-0.732;18.125;92.58835765;18.62964657;4.1758225;4
96810;0.456;-0.256;-0.838;-20.959;-9.724;33.42;92.50785765;18.62996857;4.1757975;4
96910;0.459;-0.246;-0.829;-23.47;-8.551;55.835;91.80744588;18.63277022;4.1757725;4
97010;0.546;-0.273;-1.041;-28.982;12.001;59.701;90.55097529;18.6377961;4.1757475;4
97110;0.588;-0.303;-1.152;-30.948;15.794;49.654;89.53626941;18.64185492;4.1757225;4
97210;0.492;-0.278;-0.991;-30.205;13.399;31.092;89.11609294;18.64353563;4.1756975;4
97310;0.438;-0.27;-0.858;-31.848;-1.176;31.046;89.05791647;18.64376833;4.1756725;4
97410;0.457;-0.287;-0.863;-36.271;-6.879;56.061;88.67818118;18.64528728;4.1756475;4
97510;0.497;-0.308;-0.963;-39.597;11.988;76.894;87.22862235;18.65108551;4.1756225;4
97610;0.482;-0.295;-0.96;-40.644;20.084;75.639;85.60865176;18.65756539;4.1755975;4
97710;0.471;-0.296;-0.996;-35.48;20.995;48.868;84.59738706;18.66161045;4.1755725;4
97810;0.49;-0.316;-1.084;-27.902;19.45;18.563;84.30000471;18.66279998;4.1755475;4
97910;0.479;-0.329;-1.08;-21.151;18.846;13.829;83.96106353;18.66415575;4.1755225;4
98010;0.471;-0.323;-1.028;-20.919;17.236;33.06;83.09703412;18.66761186;4.1754975;4
98110;0.463;-0.304;-0.993;-25.525;26.761;39.782;81.89062235;18.67243751;4.1754725;4
98210;0.464;-0.299;-1.005;-26.576;23.35;29.55;81.11638706;18.67553445;4.1754475;4
98310;0.466;-0.303;-0.991;-16.925;10.996;18.779;80.73844588;18.67704622;4.1754225;4
98410;0.464;-0.309;-0.993;-13.158;13.146;3.808;80.62679882;18.6774928;4.1753975;4
98510;0.475;-0.313;-1.02;-24.347;11.623;-5.9;80.07903412;18.67968386;4.1753725;4
98610;0.469;-0.309;-0.978;-29.743;9.855;3.97;79.61085765;18.68155657;4.1753475;4
98710;0.466;-0.305;-0.958;-29.146;4.413;16.281;79.36226941;18.68255092;4.1753225;4
98810;0.514;-0.314;-1.075;-26.915;-1.167;16.319;79.01629882;18.6839348;4.1752975;4
98910;0.551;-0.329;-1.181;-24.773;5.975;1.639;78.51162235;18.68595351;4.1752725;4
99010;0.565;-0.336;-1.195;-19.304;8.699;-7.194;77.98812235;18.68804751;4.1752475;4
99110;0.548;-0.323;-1.13;-15.178;0.293;-4.19;77.42709294;18.69029163;4.1752225;4
99210;0.513;-0.31;-1.032;-18.922;-5;-0.012;76.72315176;18.69310739;4.1751975;4
99310;0.527;-0.307;-1.063;-25.282;-5.88;2.682;75.88550471;18.69645798;4.1751725;4
99410;0.541;-0.302;-1.103;-18.537;-2.716;9.158;75.52976941;18.69788092;4.1751475;4
99510;0.538;-0.289;-1.089;-4.608;-4.61;12.709;75.42709294;18.69829163;4.1751225;4
99610;0.521;-0.276;-1.05;-6.68;-9.211;-3.369;74.86062235;18.70055751;4.1750975;4
99710;0.504;-0.275;-0.999;-6.568;-3.931;-8.938;74.28894588;18.70284422;4.1750725;4
99810;0.514;-0.284;-1.037;-1.742;-8.118;13.795;74.17321059;18.70330716;4.1750475;4
99910;0.513;-0.276;-1.05;-2.241;-7.43;27.925;73.63632824;18.70545469;4.1750225;4
100010;0.523;-0.272;-1.059;-1.304;-2.234;19.684;73.16144588;18.70735422;4.1749975;4
100110;0.543;-0.286;-1.137;-0.063;-11.063;8.33;73.07921059;18.70768316;4.1749725;4
100210;0.552;-0.302;-1.206;10.327;-8.812;15.318;72.58412235;18.70966351;4.1749475;4
100310;0.512;-0.287;-1.124;11.285;1.511;16.754;71.71500471;18.71313998;4.1749225;4
100410;0.47;-0.263;-0.987;4.697;0.674;10.493;71.24841647;18.71500633;4.1748975;4
100510;0.446;-0.251;-0.904;6.686;-2.549;8.317;70.88212235;18.71647151;4.1748725;4
100610;0.39;-0.233;-0.785;5.068;-3.487;-1.041;70.86624;18.71653504;4.1748475;4
100710;0.368;-0.235;-0.737;10.535;10.007;-5.468;70.42288706;18.71830845;4.1748225;4
100810;0.368;-0.229;-0.707;7.946;11.177;-15.979;70.33041647;18.71867833;4.1747975;4
100910;0.397;-0.248;-0.765;-2.261;0.762;-31.578;69.35756353;18.72256975;4.1747725;4
101010;0.412;-0.264;-0.804;-4.975;5.762;-39.072;68.23153412;18.72707386;4.1747475;4
101110;0.462;-0.273;-0.904;-4.15;9.609;-35.584;67.34550471;18.73061798;4.1747225;4
101210;0.539;-0.303;-1.109;-10.915;-13.307;-28.209;65.80341647;18.73678633;4.1746975;4
101310;0.572;-0.319;-1.216;-21.523;-22.957;-24.654;63.77006353;18.74491975;4.1746725;4
101410;0.542;-0.303;-1.138;-25.174;-12.928;-19.079;62.08826941;18.75164692;4.1746475;4
101510;0.459;-0.266;-0.956;-17.358;-15.929;-1.739;61.05809294;18.75576763;4.1746225;4
101610;0.446;-0.255;-0.942;-6.244;-8.072;4.938;60.78226941;18.75687092;4.1745975;4
101710;0.405;-0.237;-0.858;-1.288;-10.455;11.306;60.76941647;18.75692233;4.1745725;4
101810;0.397;-0.245;-0.805;-6.49;-11.459;20.809;60.68529882;18.7572588;4.1745475;4
101910;0.204;-0.146;-0.503;-28.908;-18.089;32.157;60.24882824;18.75900469;4.1745225;4
102010;1.101;-0.197;-1.675;52.86;24.104;109.289;54.77079882;18.7809168;4.1744975;4
102110;1.394;-0.32;-2.242;47.287;76.738;-37.004;52.21135765;18.79115457;4.1744725;4
102210;0.536;-0.306;-0.294;-61.745;-55.971;130.676;51.83018118;18.79267928;4.1744475;4
102310;0.595;-0.195;-0.532;-197.582;40.611;260.872;48.77426941;18.80490292;4.1744225;4
102410;0.638;-0.455;0.48;-20.174;136.507;222.722;38.80206353;18.84479175;4.1743975;4
102510;0.261;-0.431;1.115;61.379;86.514;205.53;28.40726941;18.88637092;4.1743725;4
102610;0.22;-0.163;-0.719;-167.954;69.279;51.668;27.02471059;18.89190116;4.1743475;4
102710;-0.206;-0.34;0.369;88.9;1.837;137.446;20.31344588;18.91874622;4.1743225;4
102810;0.598;0.637;0.054;116.322;24.615;73.486;14.00688706;18.94397245;4.1742975;4
102910;1.573;0.984;-0.984;-41.163;0.28;48.215;13.79124;18.94483504;4.1742725;4
103010;0.623;0.48;-0.248;4.078;15.489;1.314;13.17709294;18.94729163;4.1742475;4
103110;0.767;0.581;-0.278;-8.83;0.923;6.891;13.14721059;18.94741116;4.1742225;4
103210;0.751;0.559;-0.259;-5.957;4.296;5.61;13.03106353;18.94787575;4.1741975;4
103310;0.757;0.562;-0.26;-6.765;3.372;6.157;12.94976941;18.94820092;4.1741725;4
103410;0.753;0.562;-0.261;-6.51;3.655;5.924;12.85950471;18.94856198;4.1741475;4
103510;0.756;0.562;-0.262;-6.589;3.572;6.016;12.77129882;18.9489148;4.1741225;4
103610;0.755;0.561;-0.263;-6.571;3.583;5.928;12.68482824;18.94926069;4.1740975;4
103710;0.753;0.56;-0.262;-6.603;3.579;5.997;12.59738706;18.94961045;4.1740725;4
103810;0.754;0.561;-0.262;-6.582;3.581;5.94;12.51094588;18.94995622;4.1740475;4
103910;0.758;0.562;-0.262;-6.6;3.579;5.977;12.42400471;18.95030398;4.1740225;4
104010;0.76;0.56;-0.262;-6.586;3.587;5.964;12.33679882;18.9506528;4.1739975;4
104110;0.759;0.56;-0.262;-6.586;3.599;5.99;12.24847529;18.9510061;4.1739725;4
104210;0.758;0.559;-0.262;-6.598;3.586;5.974;12.16135765;18.95135457;4.1739475;4
104310;0.758;0.559;-0.262;-6.593;3.584;5.932;12.07538706;18.95169845;4.1739225;4
104410;0.758;0.561;-0.261;-6.605;3.556;5.939;11.99038706;18.95203845;4.1738975;4
104510;0.759;0.561;-0.263;-6.604;3.547;5.95;11.90529882;18.9523788;4.1738725;4
104610;0.758;0.559;-0.264;-6.595;3.605;5.983;11.81726941;18.95273092;4.1738475;4
104710;0.758;0.559;-0.261;-6.593;3.588;5.975;11.72991647;18.95308033;4.1738225;4
104810;0.759;0.561;-0.26;-6.604;3.574;5.981;11.64312235;18.95342751;4.1737975;4
104910;0.758;0.56;-0.261;-6.605;3.601;5.961;11.55615176;18.95377539;4.1737725;4
105010;0.756;0.561;-0.26;-6.592;3.589;5.951;11.46944588;18.95412222;4.1737475;4
105110;0.757;0.56;-0.261;-6.604;3.571;5.963;11.38326941;18.95446692;4.1737225;4
105210;0.76;0.561;-0.263;-6.607;3.569;5.966;11.29715176;18.95481139;4.1736975;4
105310;0.759;0.561;-0.261;-6.584;3.589;5.943;11.21044588;18.95515822;4.1736725;4
105410;0.757;0.56;-0.261;-6.587;3.597;5.951;11.12335765;18.95550657;4.1736475;4
105510;0.757;0.56;-0.263;-6.597;3.593;5.977;11.03591647;18.95585633;4.1736225;4
105610;0.759;0.56;-0.262;-6.596;3.605;5.952;10.94882824;18.95620469;4.1735975;4
105710;0.76;0.561;-0.261;-6.595;3.601;5.946;10.86200471;18.95655198;4.1735725;4
105810;0.758;0.559;-0.261;-6.597;3.568;5.948;10.77615176;18.95689539;4.1735475;4
105910;0.758;0.56;-0.261;-6.594;3.571;5.945;10.69021059;18.95723916;4.1735225;4
106010;0.76;0.56;-0.262;-6.598;3.582;5.956;10.60374;18.95758504;4.1734975;4
106110;0.76;0.559;-0.261;-6.585;3.578;5.954;10.51706353;18.95793175;4.1734725;4
106210;0.758;0.562;-0.261;-6.594;3.589;5.958;10.43021059;18.95827916;4.1734475;4
106310;0.759;0.561;-0.261;-6.609;3.589;5.985;10.34300471;18.95862798;4.1734225;4
106410;0.76;0.559;-0.262;-6.581;3.579;5.96;10.25600471;18.95897598;4.1733975;4
106510;0.758;0.56;-0.264;-6.603;3.578;5.953;10.16988706;18.95932045;4.1733725;4
106610;0.759;0.56;-0.263;-6.619;3.591;5.956;10.08376941;18.95966492;4.1733475;4
106710;0.76;0.56;-0.262;-6.589;3.58;5.951;9.99724;18.96001104;4.1733225;4
106810;0.758;0.559;-0.262;-6.601;3.579;5.965;9.910681176;18.96035728;4.1732975;4
106910;0.757;0.559;-0.26;-6.582;3.582;5.955;9.823769412;18.96070492;4.1732725;4
107010;0.758;0.56;-0.259;-6.607;3.577;5.942;9.738122353;18.96104751;4.1732475;4
107110;0.758;0.56;-0.261;-6.605;3.589;5.964;9.651416471;18.96139433;4.1732225;4
107210;0.759;0.559;-0.262;-6.593;3.593;5.968;9.564122353;18.96174351;4.1731975;4
107310;0.758;0.559;-0.261;-6.597;3.609;5.935;9.477445882;18.96209022;4.1731725;4
107410;0.757;0.56;-0.261;-6.593;3.584;5.936;9.391357647;18.96243457;4.1731475;4
107510;0.757;0.559;-0.262;-6.605;3.586;5.958;9.304916471;18.96278033;4.1731225;4
107610;0.758;0.56;-0.261;-6.603;3.599;5.955;9.218122353;18.96312751;4.1730975;4
107710;0.759;0.559;-0.261;-6.599;3.587;5.951;9.131681176;18.96347328;4.1730725;4
107810;0.758;0.559;-0.262;-6.579;3.586;5.964;9.044298824;18.9638228;4.1730475;4
107910;0.759;0.559;-0.262;-6.578;3.596;5.961;8.956681176;18.96417328;4.1730225;4
108010;0.76;0.557;-0.261;-6.594;3.599;5.963;8.869387059;18.96452245;4.1729975;4
108110;0.76;0.559;-0.262;-6.617;3.577;5.956;8.783622353;18.96486551;4.1729725;4
108210;0.761;0.56;-0.262;-6.595;3.58;5.942;8.697534118;18.96520986;4.1729475;4
108310;0.76;0.559;-0.262;-6.582;3.583;5.962;8.610387059;18.96555845;4.1729225;4
108410;0.762;0.557;-0.262;-6.607;3.569;5.979;8.523887059;18.96590445;4.1728975;4
108510;0.761;0.559;-0.261;-6.605;3.577;5.934;8.438416471;18.96624633;4.1728725;4
108610;0.757;0.56;-0.261;-6.589;3.559;5.932;8.353063529;18.96658775;4.1728475;4
108710;0.759;0.558;-0.261;-6.572;3.581;5.976;8.265269412;18.96693892;4.1728225;4
108810;0.761;0.56;-0.262;-6.605;3.59;5.972;8.178298824;18.9672868;4.1727975;4
108910;0.759;0.56;-0.263;-6.612;3.584;5.952;8.092298824;18.9676308;4.1727725;4
109010;0.756;0.559;-0.263;-6.612;3.601;5.953;8.005769412;18.96797692;4.1727475;4
109110;0.763;0.559;-0.263;-6.603;3.578;5.965;7.919298824;18.9683228;4.1727225;4
109210;0.763;0.559;-0.262;-6.6;3.57;5.957;7.833210588;18.96866716;4.1726975;4
109310;0.756;0.559;-0.262;-6.617;3.576;5.935;7.748092941;18.96900763;4.1726725;4
109410;0.759;0.558;-0.263;-6.592;3.56;5.945;7.662416471;18.96935033;4.1726475;4
109510;0.759;0.558;-0.263;-6.594;3.579;5.966;7.575622353;18.96969751;4.1726225;4
109610;0.756;0.558;-0.262;-6.604;3.6;5.958;7.48874;18.97004504;4.1725975;4
109710;0.755;0.558;-0.262;-6.605;3.585;5.925;7.403298824;18.9703868;4.1725725;4
109810;0.757;0.558;-0.261;-6.595;3.589;5.899;7.318210588;18.97072716;4.1725475;4
109910;0.757;0.558;-0.261;-6.595;3.58;5.947;7.231975294;18.9710721;4.1725225;4
110010;0.757;0.559;-0.261;-6.596;3.576;5.984;7.144798824;18.9714208;4.1724975;4
110110;0.758;0.559;-0.261;-6.594;3.599;5.969;7.057328235;18.97177069;4.1724725;4
110210;0.759;0.558;-0.261;-6.6;3.598;5.958;6.970387059;18.97211845;4.1724475;4
110310;0.757;0.56;-0.26;-6.575;3.578;5.973;6.882857647;18.97246857;4.1724225;4
110410;0.759;0.561;-0.262;-6.587;3.577;5.913;6.797475294;18.9728101;4.1723975;4
110510;0.76;0.56;-0.261;-6.602;3.597;5.889;6.712651765;18.97314939;4.1723725;4
110610;0.757;0.559;-0.261;-6.577;3.603;5.944;6.625298824;18.9734988;4.1723475;4
110710;0.758;0.559;-0.26;-6.58;3.602;5.962;6.537534118;18.97384986;4.1723225;4
110810;0.758;0.559;-0.261;-6.586;3.559;5.973;6.450887059;18.97419645;4.1722975;4
110910;0.757;0.559;-0.263;-6.603;3.562;5.964;6.364916471;18.97454033;4.1722725;4
111010;0.757;0.559;-0.26;-6.616;3.581;5.994;6.277887059;18.97488845;4.1722475;4
111110;0.756;0.558;-0.261;-6.593;3.543;6.008;6.190887059;18.97523645;4.1722225;4
